output_id,"Train, Test, Eval",Train/Test Samples,mask_match,shape_match,rotation_match,color_match,Comments,Tagging,Errors
0d3d703e,training,"(4, 1)",TRUE,TRUE,FALSE,FALSE,https://www.kaggle.com/davidbnn92/task-tagging,['associate_colors_to_colors'],
d511f180,training,"(3, 1)",TRUE,TRUE,FALSE,FALSE,https://www.kaggle.com/c/abstraction-and-reasoning-challenge/discussion/131021#760920,['associate_colors_to_colors'],TRUE
27a28665,training,"(7, 3)",FALSE,FALSE,FALSE,FALSE,https://www.kaggle.com/davidbnn92/task-tagging,"['associate_colors_to_patterns', 'take_negative', 'associate_images_to_patterns']",
0e206a2e,training,"(3, 1)",FALSE,TRUE,FALSE,TRUE,https://www.kaggle.com/davidbnn92/task-tagging,"['associate_patterns_to_patterns', 'pattern_repetition', 'pattern_rotation', 'pattern_reflection', 'pattern_juxtaposition']",
9edfc990,training,"(3, 1)",FALSE,TRUE,FALSE,TRUE,https://www.kaggle.com/davidbnn92/task-tagging,"['background_filling', 'holes']",
a64e4611,training,"(3, 1)",FALSE,TRUE,FALSE,FALSE,https://www.kaggle.com/davidbnn92/task-tagging,"['background_filling', 'rectangle_guessing']",
d6ad076f,training,"(3, 1)",FALSE,TRUE,FALSE,FALSE,https://www.kaggle.com/davidbnn92/task-tagging,"['bridges', 'connect_the_dots', 'draw_line_from_point']",
1a07d186,training,"(3, 1)",FALSE,TRUE,FALSE,FALSE,https://www.kaggle.com/davidbnn92/task-tagging,"['bring_patterns_close', 'find_the_intruder']",
d687bc17,training,"(3, 1)",FALSE,TRUE,FALSE,FALSE,https://github.com/fchollet/ARC/pull/39,"['bring_patterns_close', 'gravity', 'direction_guessing', 'find_the_intruder', 'remove_intruders']",TRUE
ae3edfdc,training,"(3, 1)",FALSE,TRUE,FALSE,TRUE,https://www.kaggle.com/davidbnn92/task-tagging,"['bring_patterns_close', 'gravity']",
85c4e7cd,training,"(4, 1)",TRUE,TRUE,FALSE,TRUE,https://www.kaggle.com/davidbnn92/task-tagging,"['color_guessing', 'recoloring', 'color_permutation']",
5ad4f10b,training,"(3, 1)",FALSE,FALSE,FALSE,FALSE,https://www.kaggle.com/davidbnn92/task-tagging,"['color_guessing', 'remove_noise', 'recoloring', 'crop', 'image_resizing']",
7e0986d6,training,"(2, 1)",FALSE,TRUE,FALSE,FALSE,https://www.kaggle.com/davidbnn92/task-tagging,"['color_guessing', 'remove_noise']",
7c008303,training,"(3, 1)",FALSE,FALSE,FALSE,FALSE,https://www.kaggle.com/davidbnn92/task-tagging,"['color_palette', 'detect_grid', 'recoloring', 'color_guessing', 'separate_images', 'crop']",
6ecd11f4,training,"(3, 1)",FALSE,FALSE,FALSE,FALSE,https://www.kaggle.com/davidbnn92/task-tagging,"['color_palette', 'recoloring', 'pattern_resizing', 'crop']",
ddf7fa4f,training,"(3, 1)",TRUE,TRUE,FALSE,FALSE,https://www.kaggle.com/davidbnn92/task-tagging,"['color_palette', 'recoloring']",
22eb0ac0,training,"(3, 1)",FALSE,TRUE,FALSE,TRUE,https://www.kaggle.com/davidbnn92/task-tagging,"['connect_the_dots', 'color_matching']",
1f876c06,training,"(3, 1)",FALSE,TRUE,FALSE,TRUE,https://www.kaggle.com/davidbnn92/task-tagging,"['connect_the_dots', 'diagonals']",
253bf280,training,"(8, 1)",FALSE,TRUE,FALSE,FALSE,https://www.kaggle.com/davidbnn92/task-tagging,"['connect_the_dots', 'direction_guessing']",
d4a91cb9,training,"(3, 1)",FALSE,TRUE,FALSE,FALSE,https://www.kaggle.com/davidbnn92/task-tagging,"['connect_the_dots', 'direction_guessing']",
6cdd2623,training,"(3, 1)",FALSE,TRUE,FALSE,FALSE,https://www.kaggle.com/davidbnn92/task-tagging,"['connect_the_dots', 'find_the_intruder', 'remove_noise']",
40853293,training,"(2, 1)",FALSE,TRUE,FALSE,TRUE,"https://www.kaggle.com/davidbnn92/task-tagging
https://www.kaggle.com/c/abstraction-and-reasoning-challenge/discussion/131021",['connect_the_dots'],TRUE
a2fd1cf0,training,"(3, 1)",FALSE,TRUE,FALSE,FALSE,https://www.kaggle.com/davidbnn92/task-tagging,['connect_the_dots'],
dbc1a6ce,training,"(4, 1)",FALSE,TRUE,FALSE,FALSE,https://www.kaggle.com/davidbnn92/task-tagging,['connect_the_dots'],
ded97339,training,"(3, 1)",FALSE,TRUE,FALSE,TRUE,https://www.kaggle.com/davidbnn92/task-tagging,['connect_the_dots'],
913fb3ed,training,"(4, 1)",FALSE,TRUE,FALSE,FALSE,https://www.kaggle.com/davidbnn92/task-tagging,"['contouring', 'associate_colors_to_colors']",
db93a21d,training,"(4, 1)",FALSE,TRUE,FALSE,FALSE,https://www.kaggle.com/davidbnn92/task-tagging,"['contouring', 'draw_line_from_point', 'measure_area', 'measure_length', 'algebra']",
543a7ed5,training,"(2, 1)",TRUE,TRUE,FALSE,FALSE,https://www.kaggle.com/davidbnn92/task-tagging,"['contouring', 'loop_filling']",
dc1df850,training,"(3, 1)",FALSE,TRUE,FALSE,FALSE,https://www.kaggle.com/davidbnn92/task-tagging,"['contouring', 'pattern_expansion', 'out_of_boundary']",
6e02f1e3,training,"(5, 1)",FALSE,TRUE,FALSE,FALSE,https://www.kaggle.com/davidbnn92/task-tagging,"['count_different_colors', 'associate_images_to_numbers']",
1fad071e,training,"(3, 1)",FALSE,FALSE,FALSE,FALSE,https://www.kaggle.com/davidbnn92/task-tagging,"['count_patterns', 'associate_images_to_numbers']",
39a8645d,training,"(3, 1)",FALSE,FALSE,FALSE,FALSE,https://www.kaggle.com/davidbnn92/task-tagging,"['count_patterns', 'take_maximum', 'crop']",
ff28f65a,training,"(8, 3)",FALSE,FALSE,FALSE,FALSE,https://www.kaggle.com/davidbnn92/task-tagging,"['count_shapes', 'associate_images_to_numbers']",
91413438,training,"(4, 1)",FALSE,FALSE,FALSE,TRUE,https://www.kaggle.com/davidbnn92/task-tagging,"['count_tiles', 'algebra', 'image_repetition']",
794b24be,training,"(10, 2)",FALSE,TRUE,FALSE,FALSE,https://www.kaggle.com/davidbnn92/task-tagging,"['count_tiles', 'associate_images_to_numbers']",
d631b094,training,"(4, 1)",FALSE,FALSE,FALSE,FALSE,https://www.kaggle.com/davidbnn92/task-tagging,"['count_tiles', 'dominant_color', 'summarize']",
5582e5ca,training,"(3, 1)",FALSE,TRUE,FALSE,FALSE,https://www.kaggle.com/davidbnn92/task-tagging,"['count_tiles', 'dominant_color']",
e48d4e1a,training,"(4, 1)",FALSE,TRUE,FALSE,FALSE,"https://www.kaggle.com/c/abstraction-and-reasoning-challenge/discussion/13049
https://github.com/fchollet/ARC/pull/37","['count_tiles', 'pattern_moving', 'detect_grid', 'out_of_boundary']",TRUE
a740d043,training,"(3, 1)",FALSE,FALSE,FALSE,FALSE,https://www.kaggle.com/davidbnn92/task-tagging,"['crop', 'detect_background_color', 'recoloring']",
746b3537,training,"(5, 1)",FALSE,FALSE,FALSE,TRUE,https://www.kaggle.com/davidbnn92/task-tagging,"['crop', 'direction_guessing']",
1f85a75f,training,"(2, 1)",FALSE,FALSE,FALSE,FALSE,https://www.kaggle.com/davidbnn92/task-tagging,"['crop', 'find_the_intruder']",
8f2ea7aa,training,"(3, 1)",FALSE,TRUE,FALSE,TRUE,https://www.kaggle.com/davidbnn92/task-tagging,"['crop', 'fractal_repetition']",
d23f8c26,training,"(3, 1)",FALSE,TRUE,FALSE,FALSE,https://www.kaggle.com/davidbnn92/task-tagging,"['crop', 'image_expansion']",
7468f01a,training,"(3, 1)",FALSE,FALSE,FALSE,FALSE,https://www.kaggle.com/davidbnn92/task-tagging,"['crop', 'image_reflection']",
f25fbde4,training,"(3, 1)",FALSE,FALSE,FALSE,TRUE,https://www.kaggle.com/davidbnn92/task-tagging,"['crop', 'image_resizing']",
28bf18c6,training,"(3, 1)",FALSE,FALSE,FALSE,TRUE,https://www.kaggle.com/davidbnn92/task-tagging,"['crop', 'pattern_repetition']",
80af3007,training,"(3, 1)",FALSE,FALSE,FALSE,TRUE,https://www.kaggle.com/davidbnn92/task-tagging,"['crop', 'pattern_resizing', 'image_resizing', 'fractal_repetition']",
3f7978a0,training,"(3, 1)",FALSE,FALSE,FALSE,TRUE,https://www.kaggle.com/davidbnn92/task-tagging,"['crop', 'rectangle_guessing', 'find_the_intruder']",
90c28cc7,training,"(3, 1)",FALSE,FALSE,FALSE,FALSE,https://www.kaggle.com/davidbnn92/task-tagging,"['crop', 'rectangle_guessing', 'summarize']",
ce602527,training,"(4, 1)",FALSE,FALSE,FALSE,FALSE,https://www.kaggle.com/davidbnn92/task-tagging,"['crop', 'size_guessing', 'shape_guessing', 'find_the_intruder', 'remove_intruder']",
b94a9452,training,"(3, 1)",FALSE,FALSE,FALSE,FALSE,https://www.kaggle.com/davidbnn92/task-tagging,"['crop', 'take_negative']",
1cf80156,training,"(3, 1)",FALSE,FALSE,FALSE,TRUE,https://www.kaggle.com/davidbnn92/task-tagging,['crop'],
d10ecb37,training,"(3, 1)",FALSE,FALSE,FALSE,TRUE,https://www.kaggle.com/davidbnn92/task-tagging,['crop'],
239be575,training,"(6, 2)",FALSE,FALSE,FALSE,FALSE,https://www.kaggle.com/davidbnn92/task-tagging,"['detect_connectedness', 'associate_images_to_bools']",
1c786137,training,"(3, 1)",FALSE,FALSE,FALSE,FALSE,https://www.kaggle.com/davidbnn92/task-tagging,"['detect_enclosure', 'crop']",
7837ac64,training,"(4, 1)",FALSE,FALSE,FALSE,FALSE,https://www.kaggle.com/davidbnn92/task-tagging,"['detect_grid', 'color_guessing', 'grid_coloring', 'crop', 'extrapolate_image_from_grid']",
06df4c85,training,"(3, 1)",FALSE,TRUE,FALSE,TRUE,https://www.kaggle.com/davidbnn92/task-tagging,"['detect_grid', 'connect_the_dots', 'grid_coloring']",
1190e5a7,training,"(3, 1)",FALSE,FALSE,FALSE,FALSE,https://www.kaggle.com/davidbnn92/task-tagging,"['detect_grid', 'count_hor_lines', 'count_ver_lines', 'detect_background_color', 'color_guessing', 'create_image_from_info']",
5daaa586,training,"(3, 1)",FALSE,FALSE,FALSE,TRUE,https://www.kaggle.com/davidbnn92/task-tagging,"['detect_grid', 'crop', 'draw_line_from_point', 'direction_guessing']",
83302e8f,training,"(3, 1)",FALSE,TRUE,FALSE,FALSE,https://www.kaggle.com/davidbnn92/task-tagging,"['detect_grid', 'detect_closed_curves', 'rectangle_guessing', 'associate_colors_to_bools', 'loop_filling']",
47c1f68c,training,"(3, 1)",FALSE,FALSE,FALSE,FALSE,https://www.kaggle.com/davidbnn92/task-tagging,"['detect_grid', 'find_the_intruder', 'crop', 'recolor', 'color_guessing', 'image_repetition', 'image_reflection']",
2dc579da,training,"(3, 1)",FALSE,FALSE,FALSE,FALSE,https://www.kaggle.com/davidbnn92/task-tagging,"['detect_grid', 'find_the_intruder', 'crop']",
f8b3ba0a,training,"(4, 1)",FALSE,FALSE,FALSE,FALSE,https://www.kaggle.com/davidbnn92/task-tagging,"['detect_grid', 'find_the_intruder', 'dominant_color', 'count_tiles', 'summarize', 'order_numbers']",
941d9a10,training,"(3, 1)",FALSE,TRUE,FALSE,FALSE,https://www.kaggle.com/davidbnn92/task-tagging,"['detect_grid', 'loop_filling', 'pairwise_analogy']",
272f95fa,training,"(2, 1)",FALSE,TRUE,FALSE,FALSE,https://www.kaggle.com/davidbnn92/task-tagging,"['detect_grid', 'mimic_pattern', 'grid_coloring']",
39e1d7f9,training,"(3, 1)",FALSE,TRUE,FALSE,TRUE,https://www.kaggle.com/davidbnn92/task-tagging,"['detect_grid', 'pattern_repetition', 'grid_coloring']",
6d0160f0,training,"(4, 1)",FALSE,TRUE,FALSE,FALSE,https://www.kaggle.com/davidbnn92/task-tagging,"['detect_grid', 'separate_image', 'find_the_intruder', 'pattern_moving']",
54d9e175,training,"(4, 1)",FALSE,TRUE,FALSE,FALSE,https://www.kaggle.com/davidbnn92/task-tagging,"['detect_grid', 'separate_images', 'associate_images_to_images']",
6773b310,training,"(4, 1)",FALSE,FALSE,FALSE,FALSE,https://www.kaggle.com/davidbnn92/task-tagging,"['detect_grid', 'separate_images', 'count_tiles', 'associate_colors_to_numbers']",
29623171,training,"(3, 1)",FALSE,TRUE,FALSE,TRUE,https://www.kaggle.com/davidbnn92/task-tagging,"['detect_grid', 'separate_images', 'count_tiles', 'take_maximum', 'grid_coloring']",
09629e4f,training,"(4, 1)",FALSE,TRUE,FALSE,FALSE,https://www.kaggle.com/davidbnn92/task-tagging,"['detect_grid', 'separate_images', 'count_tiles', 'take_minimum', 'enlarge_image', 'create_grid', 'adapt_image_to_grid']",
0b148d64,training,"(3, 1)",FALSE,FALSE,FALSE,FALSE,https://www.kaggle.com/davidbnn92/task-tagging,"['detect_grid', 'separate_images', 'find_the_intruder', 'crop']",
88a62173,training,"(3, 1)",FALSE,FALSE,FALSE,TRUE,https://www.kaggle.com/davidbnn92/task-tagging,"['detect_grid', 'separate_images', 'find_the_intruder', 'crop']",
c444b776,training,"(2, 1)",FALSE,TRUE,FALSE,TRUE,https://www.kaggle.com/davidbnn92/task-tagging,"['detect_grid', 'separate_images', 'find_the_intruder', 'image_repetition']",
1e32b0e9,training,"(3, 1)",FALSE,TRUE,FALSE,TRUE,https://www.kaggle.com/davidbnn92/task-tagging,"['detect_grid', 'separate_images', 'image_repetition', 'pattern_completion']",
a68b268e,training,"(6, 1)",FALSE,FALSE,FALSE,FALSE,https://www.kaggle.com/davidbnn92/task-tagging,"['detect_grid', 'separate_images', 'pattern_juxtaposition']",
cbded52d,training,"(3, 1)",TRUE,TRUE,FALSE,TRUE,https://www.kaggle.com/c/abstraction-and-reasoning-challenge/discussion/131021,"['detect_grid', 'separate_images', 'pattern_modification', 'pattern_repetition', 'pattern_juxtaposition', 'connect_the_dots']",TRUE
9f236235,training,"(3, 1)",FALSE,FALSE,FALSE,FALSE,https://www.kaggle.com/davidbnn92/task-tagging,"['detect_grid', 'summarize', 'image_reflection']",
780d0b14,training,"(3, 1)",FALSE,FALSE,FALSE,FALSE,https://www.kaggle.com/davidbnn92/task-tagging,"['detect_grid', 'summarize']",
25d8a9c8,training,"(4, 1)",FALSE,TRUE,FALSE,FALSE,https://www.kaggle.com/davidbnn92/task-tagging,"['detect_hor_lines', 'recoloring', 'remove_noise']",
2dee498d,training,"(3, 1)",FALSE,FALSE,FALSE,TRUE,"https://www.kaggle.com/davidbnn92/task-tagging
https://github.com/fchollet/ARC/issues/30","['detect_repetition', 'crop', 'divide_by_n']",TRUE
44f52bb0,training,"(6, 2)",FALSE,FALSE,FALSE,FALSE,https://www.kaggle.com/davidbnn92/task-tagging,"['detect_symmetry', 'associate_images_to_bools']",
bd4472b8,training,"(3, 1)",FALSE,TRUE,FALSE,FALSE,https://www.kaggle.com/davidbnn92/task-tagging,"['detect_wall', 'pattern_expansion', 'ex_nihilo', 'color_guessing', 'color_palette']",
363442ee,training,"(3, 1)",FALSE,TRUE,FALSE,FALSE,https://www.kaggle.com/davidbnn92/task-tagging,"['detect_wall', 'pattern_repetition', 'pattern_juxtaposition']",
e98196ab,training,"(3, 1)",FALSE,FALSE,FALSE,FALSE,https://www.kaggle.com/davidbnn92/task-tagging,"['detect_wall', 'separate_images', 'image_juxtaposition']",
e3497940,training,"(3, 1)",FALSE,FALSE,FALSE,FALSE,https://www.kaggle.com/davidbnn92/task-tagging,"['detect_wall', 'separate_images', 'image_reflection', 'image_juxtaposition']",
8e5a5113,training,"(3, 1)",FALSE,TRUE,FALSE,FALSE,https://github.com/fchollet/ARC/pull/8,"['detect_wall', 'separate_images', 'image_repetition', 'image_rotation']",TRUE
3428a4f5,training,"(4, 2)",FALSE,FALSE,FALSE,FALSE,https://www.kaggle.com/davidbnn92/task-tagging,"['detect_wall', 'separate_images', 'pattern_differences']",
0520fde7,training,"(3, 1)",FALSE,FALSE,FALSE,FALSE,https://www.kaggle.com/davidbnn92/task-tagging,"['detect_wall', 'separate_images', 'pattern_intersection']",
1b2d62fb,training,"(5, 1)",FALSE,FALSE,FALSE,FALSE,https://www.kaggle.com/davidbnn92/task-tagging,"['detect_wall', 'separate_images', 'pattern_intersection']",
cf98881b,training,"(5, 1)",FALSE,FALSE,FALSE,FALSE,https://www.kaggle.com/davidbnn92/task-tagging,"['detect_wall', 'separate_images', 'pattern_juxtaposition']",
6430c8c4,training,"(4, 1)",FALSE,FALSE,FALSE,FALSE,https://www.kaggle.com/davidbnn92/task-tagging,"['detect_wall', 'separate_images', 'take_complement', 'pattern_intersection']",
f2829549,training,"(5, 1)",FALSE,FALSE,FALSE,FALSE,https://www.kaggle.com/davidbnn92/task-tagging,"['detect_wall', 'separate_images', 'take_complement', 'pattern_intersection']",
ce4f8723,training,"(4, 1)",FALSE,FALSE,FALSE,FALSE,https://www.kaggle.com/davidbnn92/task-tagging,"['detect_wall', 'separate_images', 'take_complement', 'take_intersection']",
0a938d79,training,"(4, 1)",FALSE,TRUE,FALSE,TRUE,https://www.kaggle.com/davidbnn92/task-tagging,"['direction_guessing', 'draw_line_from_point', 'pattern_expansion']",
2281f1f4,training,"(3, 1)",FALSE,TRUE,FALSE,FALSE,https://www.kaggle.com/davidbnn92/task-tagging,"['direction_guessing', 'draw_line_from_point', 'pattern_intersection']",
178fcbfb,training,"(3, 1)",FALSE,TRUE,FALSE,TRUE,https://www.kaggle.com/davidbnn92/task-tagging,"['direction_guessing', 'draw_line_from_point']",
5168d44c,training,"(3, 1)",FALSE,TRUE,FALSE,TRUE,https://www.kaggle.com/davidbnn92/task-tagging,"['direction_guessing', 'recoloring', 'contouring', 'pattern_moving']",
d4469b4b,training,"(7, 2)",FALSE,FALSE,FALSE,FALSE,https://www.kaggle.com/davidbnn92/task-tagging,"['dominant_color', 'associate_images_to_colors']",
2bee17df,training,"(3, 1)",FALSE,TRUE,FALSE,FALSE,https://www.kaggle.com/davidbnn92/task-tagging,"['draw_line_from_border', 'count_tiles', 'take_maximum']",
c1d99e64,training,"(3, 1)",FALSE,TRUE,FALSE,FALSE,https://www.kaggle.com/davidbnn92/task-tagging,"['draw_line_from_border', 'detect_grid']",
3bd67248,training,"(3, 1)",FALSE,TRUE,FALSE,FALSE,https://www.kaggle.com/davidbnn92/task-tagging,"['draw_line_from_border', 'diagonals', 'pattern_repetition']",
834ec97d,training,"(3, 1)",FALSE,TRUE,FALSE,FALSE,https://www.kaggle.com/davidbnn92/task-tagging,"['draw_line_from_border', 'pattern_repetition', 'spacing', 'measure_distance_from_side']",
ef135b50,training,"(3, 1)",FALSE,TRUE,FALSE,FALSE,"https://www.kaggle.com/c/abstraction-and-reasoning-challenge/discussion/131021
https://github.com/fchollet/ARC/issues/28","['draw_line_from_point', 'bridges', 'connect_the_dots']",TRUE
29c11459,training,"(2, 1)",FALSE,TRUE,FALSE,FALSE,https://www.kaggle.com/davidbnn92/task-tagging,"['draw_line_from_point', 'count_tiles']",
8d510a79,training,"(2, 1)",FALSE,TRUE,FALSE,TRUE,https://www.kaggle.com/davidbnn92/task-tagging,"['draw_line_from_point', 'detect_wall', 'direction_guessing', 'associate_colors_to_bools']",
d07ae81c,training,"(3, 1)",TRUE,TRUE,FALSE,TRUE,https://www.kaggle.com/davidbnn92/task-tagging,"['draw_line_from_point', 'diagonals', 'color_guessing']",
5c0a986e,training,"(3, 1)",FALSE,TRUE,FALSE,TRUE,https://www.kaggle.com/davidbnn92/task-tagging,"['draw_line_from_point', 'diagonals', 'direction_guessing']",
623ea044,training,"(3, 1)",FALSE,TRUE,FALSE,TRUE,https://www.kaggle.com/davidbnn92/task-tagging,"['draw_line_from_point', 'diagonals']",
25d487eb,training,"(3, 1)",FALSE,TRUE,FALSE,TRUE,https://www.kaggle.com/davidbnn92/task-tagging,"['draw_line_from_point', 'direction_guessing', 'color_guessing']",
6e19193c,training,"(2, 1)",FALSE,TRUE,FALSE,TRUE,https://www.kaggle.com/davidbnn92/task-tagging,"['draw_line_from_point', 'direction_guessing', 'diagonals']",
7ddcd7ec,training,"(3, 1)",FALSE,TRUE,FALSE,TRUE,https://www.kaggle.com/davidbnn92/task-tagging,"['draw_line_from_point', 'direction_guessing', 'diagonals']",
2dd70a9a,training,"(3, 1)",FALSE,TRUE,FALSE,TRUE,https://www.kaggle.com/davidbnn92/task-tagging,"['draw_line_from_point', 'direction_guessing', 'maze']",
508bd3b6,training,"(3, 1)",FALSE,TRUE,FALSE,FALSE,https://www.kaggle.com/davidbnn92/task-tagging,"['draw_line_from_point', 'direction_guessing', 'pattern_reflection']",
d43fd935,training,"(3, 1)",FALSE,TRUE,FALSE,TRUE,https://www.kaggle.com/davidbnn92/task-tagging,"['draw_line_from_point', 'direction_guessing', 'projection_unto_rectangle']",
bdad9b1f,training,"(2, 1)",FALSE,TRUE,FALSE,FALSE,https://www.kaggle.com/davidbnn92/task-tagging,"['draw_line_from_point', 'direction_guessing', 'recoloring', 'take_intersection']",
855e0971,training,"(4, 1)",FALSE,TRUE,FALSE,TRUE,https://www.kaggle.com/davidbnn92/task-tagging,"['draw_line_from_point', 'direction_guessing', 'separate_images', 'holes']",
f15e1fac,training,"(3, 1)",FALSE,TRUE,FALSE,TRUE,https://www.kaggle.com/davidbnn92/task-tagging,"['draw_line_from_point', 'gravity', 'obstacles', 'direction_guessing']",
d9f24cd1,training,"(2, 1)",FALSE,TRUE,FALSE,TRUE,https://www.kaggle.com/davidbnn92/task-tagging,"['draw_line_from_point', 'gravity', 'obstacles']",
97999447,training,"(3, 1)",FALSE,TRUE,FALSE,FALSE,https://www.kaggle.com/davidbnn92/task-tagging,"['draw_line_from_point', 'pattern_expansion']",
99fa7670,training,"(4, 1)",FALSE,TRUE,FALSE,TRUE,https://www.kaggle.com/davidbnn92/task-tagging,"['draw_line_from_point', 'pattern_expansion']",
23581191,training,"(2, 1)",FALSE,TRUE,FALSE,FALSE,https://www.kaggle.com/davidbnn92/task-tagging,"['draw_line_from_point', 'pattern_intersection']",
f1cefba8,training,"(3, 1)",FALSE,TRUE,FALSE,TRUE,https://www.kaggle.com/davidbnn92/task-tagging,"['draw_line_from_point', 'pattern_modification']",
8403a5d5,training,"(3, 1)",FALSE,TRUE,FALSE,FALSE,https://www.kaggle.com/davidbnn92/task-tagging,"['draw_line_from_point', 'pattern_repetition', 'direction_guessing']",
41e4d17e,training,"(2, 1)",TRUE,TRUE,FALSE,FALSE,https://www.kaggle.com/davidbnn92/task-tagging,"['draw_line_from_point', 'pattern_repetition']",
2c608aff,training,"(4, 1)",TRUE,TRUE,FALSE,TRUE,https://www.kaggle.com/davidbnn92/task-tagging,"['draw_line_from_point', 'projection_unto_rectangle']",
6d58a25d,training,"(3, 1)",FALSE,TRUE,FALSE,TRUE,https://www.kaggle.com/davidbnn92/task-tagging,['draw_line_from_point'],
a78176bb,training,"(3, 1)",FALSE,TRUE,FALSE,FALSE,https://www.kaggle.com/davidbnn92/task-tagging,"['draw_parallel_line', 'direction_guessing', 'remove_intruders']",
57aa92db,training,"(4, 1)",FALSE,TRUE,FALSE,TRUE,https://www.kaggle.com/davidbnn92/task-tagging,"['draw_pattern_from_point', 'pattern_repetition', 'pattern_resizing']",
3ac3eb23,training,"(2, 1)",FALSE,TRUE,FALSE,TRUE,https://www.kaggle.com/davidbnn92/task-tagging,"['draw_pattern_from_point', 'pattern_repetition']",
6f8cd79b,training,"(4, 1)",FALSE,TRUE,FALSE,FALSE,https://www.kaggle.com/davidbnn92/task-tagging,"['ex_nihilo', 'contouring']",
28e73c20,training,"(5, 1)",FALSE,TRUE,FALSE,FALSE,https://www.kaggle.com/davidbnn92/task-tagging,"['ex_nihilo', 'mimic_pattern']",
af902bf9,training,"(3, 1)",FALSE,TRUE,FALSE,FALSE,https://www.kaggle.com/davidbnn92/task-tagging,"['ex_nihilo', 'x_marks_the_spot']",
b27ca6d3,training,"(2, 1)",FALSE,TRUE,FALSE,FALSE,https://www.kaggle.com/davidbnn92/task-tagging,"['find_the_intruder', 'count_tiles', 'contouring']",
5.12E+65,training,"(3, 1)",FALSE,FALSE,FALSE,FALSE,https://www.kaggle.com/davidbnn92/task-tagging,"['find_the_intruder', 'crop', 'recoloring']",
c909285e,training,"(3, 1)",FALSE,FALSE,FALSE,FALSE,https://www.kaggle.com/davidbnn92/task-tagging,"['find_the_intruder', 'crop', 'rectangle_guessing']",
48d8fb45,training,"(3, 1)",FALSE,FALSE,FALSE,FALSE,https://www.kaggle.com/davidbnn92/task-tagging,"['find_the_intruder', 'crop']",
72ca375d,training,"(3, 1)",FALSE,FALSE,FALSE,FALSE,https://www.kaggle.com/davidbnn92/task-tagging,"['find_the_intruder', 'detect_symmetry', 'crop']",
32597951,training,"(3, 1)",TRUE,TRUE,FALSE,FALSE,https://www.kaggle.com/davidbnn92/task-tagging,"['find_the_intruder', 'recoloring']",
31aa019c,training,"(3, 1)",FALSE,TRUE,FALSE,FALSE,https://www.kaggle.com/davidbnn92/task-tagging,"['find_the_intruder', 'remove_noise', 'contouring']",
91714a58,training,"(3, 1)",FALSE,TRUE,FALSE,FALSE,https://www.kaggle.com/davidbnn92/task-tagging,"['find_the_intruder', 'remove_noise']",
d9fac9be,training,"(4, 1)",FALSE,FALSE,FALSE,FALSE,https://www.kaggle.com/davidbnn92/task-tagging,"['find_the_intruder', 'summarize', 'x_marks_the_spot']",
b9b7f026,training,"(3, 1)",FALSE,FALSE,FALSE,FALSE,https://www.kaggle.com/davidbnn92/task-tagging,"['find_the_intruder', 'summarize']",
56dc2b01,training,"(3, 1)",FALSE,TRUE,FALSE,FALSE,https://www.kaggle.com/davidbnn92/task-tagging,"['gravity', 'direction_guessing', 'pattern_expansion']",
4093f84a,training,"(3, 1)",FALSE,TRUE,FALSE,FALSE,https://www.kaggle.com/davidbnn92/task-tagging,"['gravity', 'recoloring', 'projection_unto_rectangle']",
3618c87e,training,"(3, 1)",FALSE,TRUE,FALSE,TRUE,https://www.kaggle.com/davidbnn92/task-tagging,['gravity'],
3906de3d,training,"(3, 1)",FALSE,TRUE,FALSE,TRUE,https://www.kaggle.com/davidbnn92/task-tagging,['gravity'],
e8593010,training,"(3, 1)",FALSE,TRUE,FALSE,FALSE,https://www.kaggle.com/davidbnn92/task-tagging,"['holes', 'count_tiles', 'loop_filling', 'associate_colors_to_numbers']",
50cb2852,training,"(3, 1)",TRUE,TRUE,FALSE,FALSE,https://www.kaggle.com/davidbnn92/task-tagging,"['holes', 'rectangle_guessing']",
d13f3404,training,"(3, 1)",FALSE,FALSE,FALSE,TRUE,https://www.kaggle.com/davidbnn92/task-tagging,"['image_expansion', 'draw_line_from_point', 'diagonals']",
963e52fc,training,"(3, 1)",FALSE,FALSE,FALSE,TRUE,https://www.kaggle.com/davidbnn92/task-tagging,"['image_expansion', 'pattern_expansion']",
73251a56,training,"(3, 1)",FALSE,TRUE,FALSE,FALSE,https://www.kaggle.com/davidbnn92/task-tagging,"['image_filling', 'diagonal_symmetry']",
29ec7d0e,training,"(4, 1)",FALSE,TRUE,FALSE,FALSE,https://www.kaggle.com/davidbnn92/task-tagging,"['image_filling', 'pattern_expansion', 'detect_grid', 'pattern_repetition']",
5269061,training,"(3, 1)",FALSE,TRUE,FALSE,FALSE,https://www.kaggle.com/davidbnn92/task-tagging,"['image_filling', 'pattern_expansion', 'diagonals']",
9ecd008a,training,"(3, 1)",FALSE,FALSE,FALSE,FALSE,https://www.kaggle.com/davidbnn92/task-tagging,"['image_filling', 'pattern_expansion', 'pattern_reflection', 'pattern_rotation', 'crop']",
484b58aa,training,"(3, 1)",FALSE,TRUE,FALSE,FALSE,https://www.kaggle.com/davidbnn92/task-tagging,"['image_filling', 'pattern_expansion', 'pattern_repetition']",
3631a71a,training,"(4, 1)",FALSE,TRUE,FALSE,FALSE,https://www.kaggle.com/davidbnn92/task-tagging,"['image_filling', 'pattern_expansion', 'pattern_rotation']",
0dfd9992,training,"(3, 1)",FALSE,TRUE,FALSE,FALSE,https://www.kaggle.com/davidbnn92/task-tagging,"['image_filling', 'pattern_expansion']",
74dd1130,training,"(4, 1)",TRUE,TRUE,3,TRUE,https://www.kaggle.com/davidbnn92/task-tagging,"['image_reflection', 'diagonal_symmetry']",
9dfd6313,training,"(3, 1)",FALSE,TRUE,3,TRUE,https://www.kaggle.com/davidbnn92/task-tagging,"['image_reflection', 'diagonal_symmetry']",
68b16354,training,"(3, 1)",TRUE,TRUE,2,TRUE,https://www.kaggle.com/davidbnn92/task-tagging,['image_reflection'],
67a3c6ac,training,"(3, 1)",TRUE,TRUE,FALSE,TRUE,https://www.kaggle.com/davidbnn92/task-tagging,['image_reflection'],
007bbfb7,training,"(5, 1)",FALSE,FALSE,FALSE,TRUE,https://www.kaggle.com/davidbnn92/task-tagging,"['image_repetition', 'fractal_repetition']",
c3e719e8,training,"(3, 1)",FALSE,FALSE,FALSE,FALSE,https://www.kaggle.com/davidbnn92/task-tagging,"['image_repetition', 'image_expansion', 'count_different_colors', 'take_maximum']",
cce03e0d,training,"(3, 1)",FALSE,FALSE,FALSE,TRUE,https://www.kaggle.com/davidbnn92/task-tagging,"['image_repetition', 'image_expansion', 'pairwise_analogy']",
3af2c5a8,training,"(3, 1)",FALSE,FALSE,FALSE,TRUE,https://www.kaggle.com/davidbnn92/task-tagging,"['image_repetition', 'image_reflection', 'image_rotation']",
62c24649,training,"(3, 1)",FALSE,FALSE,FALSE,TRUE,https://www.kaggle.com/davidbnn92/task-tagging,"['image_repetition', 'image_reflection', 'image_rotation']",
67e8384a,training,"(4, 1)",FALSE,FALSE,FALSE,TRUE,https://www.kaggle.com/davidbnn92/task-tagging,"['image_repetition', 'image_reflection', 'image_rotation']",
46442a0e,training,"(3, 1)",FALSE,FALSE,FALSE,TRUE,https://www.kaggle.com/davidbnn92/task-tagging,"['image_repetition', 'image_reflection']",
4c4377d9,training,"(4, 1)",FALSE,FALSE,FALSE,TRUE,https://www.kaggle.com/davidbnn92/task-tagging,"['image_repetition', 'image_reflection']",
6d0aefbc,training,"(4, 1)",FALSE,FALSE,FALSE,TRUE,https://www.kaggle.com/davidbnn92/task-tagging,"['image_repetition', 'image_reflection']",
6fa7a44f,training,"(4, 1)",FALSE,FALSE,FALSE,TRUE,https://www.kaggle.com/davidbnn92/task-tagging,"['image_repetition', 'image_reflection']",
8be77c9e,training,"(3, 1)",FALSE,FALSE,FALSE,TRUE,https://www.kaggle.com/davidbnn92/task-tagging,"['image_repetition', 'image_reflection']",
8d5021e8,training,"(3, 1)",FALSE,FALSE,FALSE,TRUE,https://www.kaggle.com/davidbnn92/task-tagging,"['image_repetition', 'image_reflection']",
c9e6f938,training,"(3, 1)",FALSE,FALSE,FALSE,TRUE,https://www.kaggle.com/davidbnn92/task-tagging,"['image_repetition', 'image_reflection']",
eb281b96,training,"(2, 1)",FALSE,FALSE,FALSE,TRUE,https://www.kaggle.com/davidbnn92/task-tagging,"['image_repetition', 'image_reflection']",
7fe24cdd,training,"(3, 1)",FALSE,FALSE,FALSE,TRUE,https://www.kaggle.com/davidbnn92/task-tagging,"['image_repetition', 'image_rotation']",
a416b8f3,training,"(3, 1)",FALSE,FALSE,FALSE,TRUE,https://www.kaggle.com/davidbnn92/task-tagging,['image_repetition'],
ac0a08a4,training,"(3, 1)",FALSE,FALSE,FALSE,TRUE,https://www.kaggle.com/davidbnn92/task-tagging,"['image_resizing', 'count_tiles', 'size_guessing']",
469497ad,training,"(3, 1)",FALSE,FALSE,FALSE,FALSE,https://www.kaggle.com/davidbnn92/task-tagging,"['image_resizing', 'draw_line_from_point', 'diagonals']",
b91ae062,training,"(5, 1)",FALSE,FALSE,FALSE,TRUE,https://www.kaggle.com/davidbnn92/task-tagging,"['image_resizing', 'size_guessing', 'count_different_colors']",
9172f3a0,training,"(2, 1)",FALSE,FALSE,FALSE,TRUE,https://www.kaggle.com/davidbnn92/task-tagging,['image_resizing'],
c59eb873,training,"(3, 1)",FALSE,FALSE,FALSE,TRUE,https://www.kaggle.com/davidbnn92/task-tagging,['image_resizing'],
4522001f,training,"(2, 1)",FALSE,FALSE,FALSE,FALSE,https://www.kaggle.com/davidbnn92/task-tagging,"['image_rotation', 'pairwise_analogy']",
3c9b0459,training,"(4, 1)",TRUE,TRUE,FALSE,TRUE,https://www.kaggle.com/davidbnn92/task-tagging,['image_rotation'],
6150a2bd,training,"(2, 1)",FALSE,TRUE,FALSE,TRUE,https://www.kaggle.com/davidbnn92/task-tagging,['image_rotation'],
ed36ccf7,training,"(4, 1)",FALSE,TRUE,FALSE,TRUE,https://www.kaggle.com/davidbnn92/task-tagging,['image_rotation'],
1f642eb9,training,"(3, 1)",TRUE,TRUE,FALSE,TRUE,https://www.kaggle.com/davidbnn92/task-tagging,"['image_within_image', 'projection_unto_rectangle']",
7b6016b9,training,"(3, 1)",FALSE,TRUE,FALSE,FALSE,https://www.kaggle.com/davidbnn92/task-tagging,"['loop_filling', 'background_filling', 'color_guessing']",
868de0fa,training,"(5, 1)",FALSE,TRUE,FALSE,FALSE,https://github.com/fchollet/ARC/pull/45,"['loop_filling', 'color_guessing', 'measure_area', 'even_or_odd', 'associate_colors_to_bools']",TRUE
4347f46a,training,"(3, 1)",FALSE,TRUE,FALSE,TRUE,https://www.kaggle.com/davidbnn92/task-tagging,"['loop_filling', 'color_guessing']",
c0f76784,training,"(3, 1)",FALSE,TRUE,FALSE,FALSE,https://www.kaggle.com/davidbnn92/task-tagging,"['loop_filling', 'measure_area', 'associate_colors_to_numbers']",
44d8ac46,training,"(4, 1)",FALSE,TRUE,FALSE,FALSE,https://www.kaggle.com/davidbnn92/task-tagging,"['loop_filling', 'rectangle_guessing']",
e73095fd,training,"(3, 1)",FALSE,TRUE,FALSE,FALSE,https://www.kaggle.com/davidbnn92/task-tagging,"['loop_filling', 'rectangle_guessing']",
d5d6de2d,training,"(3, 2)",FALSE,TRUE,FALSE,FALSE,https://www.kaggle.com/davidbnn92/task-tagging,"['loop_filling', 'replace_pattern', 'remove_intruders']",
bb43febb,training,"(2, 1)",TRUE,TRUE,FALSE,FALSE,https://www.kaggle.com/davidbnn92/task-tagging,"['loop_filling', 'rettangle_guessing']",
00d62c1b,training,"(5, 1)",FALSE,TRUE,FALSE,FALSE,https://www.kaggle.com/davidbnn92/task-tagging,['loop_filling'],
a5313dff,training,"(3, 1)",FALSE,TRUE,FALSE,FALSE,https://www.kaggle.com/davidbnn92/task-tagging,['loop_filling'],
6455b5f5,training,"(4, 1)",FALSE,TRUE,FALSE,FALSE,https://www.kaggle.com/davidbnn92/task-tagging,"['measure_area', 'take_maximum', 'take_minimum', 'loop_filling', 'associate_colors_to_ranks']",
445eab21,training,"(3, 1)",FALSE,FALSE,FALSE,FALSE,https://www.kaggle.com/davidbnn92/task-tagging,"['measure_area', 'take_maximum']",
23b5c85d,training,"(5, 1)",FALSE,FALSE,FALSE,FALSE,https://www.kaggle.com/davidbnn92/task-tagging,"['measure_area', 'take_minimum', 'crop']",
b0c4d837,training,"(6, 1)",FALSE,FALSE,FALSE,FALSE,https://www.kaggle.com/davidbnn92/task-tagging,"['measure_length', 'associate_images_to_numbers']",
08ed6ac7,training,"(2, 1)",TRUE,TRUE,FALSE,FALSE,https://www.kaggle.com/davidbnn92/task-tagging,"['measure_length', 'order_numbers', 'associate_colors_to_ranks', 'recoloring']",
150deff5,training,"(3, 1)",TRUE,TRUE,FALSE,FALSE,https://www.kaggle.com/davidbnn92/task-tagging,"['pattern_coloring', 'pattern_deconstruction', 'associate_colors_to_patterns']",
dc0a314f,training,"(3, 1)",FALSE,FALSE,FALSE,FALSE,https://www.kaggle.com/davidbnn92/task-tagging,"['pattern_completion', 'crop']",
3345333e,training,"(2, 1)",FALSE,TRUE,FALSE,FALSE,https://www.kaggle.com/davidbnn92/task-tagging,"['pattern_completion', 'pattern_reflection', 'remove_noise']",
b8825c91,training,"(4, 1)",TRUE,TRUE,FALSE,FALSE,https://www.kaggle.com/davidbnn92/task-tagging,"['pattern_completion', 'pattern_rotation', 'pattern_reflection']",
3aa6fb7a,training,"(2, 1)",FALSE,TRUE,FALSE,FALSE,https://www.kaggle.com/davidbnn92/task-tagging,"['pattern_completion', 'pattern_rotation']",
50846271,training,"(4, 1)",TRUE,TRUE,FALSE,FALSE,https://www.kaggle.com/davidbnn92/task-tagging,"['pattern_completion', 'recoloring']",
4612dd53,training,"(3, 1)",FALSE,TRUE,FALSE,FALSE,https://www.kaggle.com/davidbnn92/task-tagging,"['pattern_completion', 'rectangle_guessing']",
56ff96f3,training,"(4, 1)",FALSE,TRUE,FALSE,TRUE,https://www.kaggle.com/davidbnn92/task-tagging,"['pattern_completion', 'rectangle_guessing']",
60b61512,training,"(2, 1)",FALSE,TRUE,FALSE,FALSE,https://www.kaggle.com/davidbnn92/task-tagging,['pattern_completion'],
2013d3e2,training,"(2, 1)",FALSE,FALSE,FALSE,TRUE,https://www.kaggle.com/davidbnn92/task-tagging,"['pattern_deconstruction', 'crop']",
1b60fb0c,training,"(3, 1)",FALSE,TRUE,FALSE,FALSE,"https://www.kaggle.com/davidbnn92/task-tagging
https://github.com/fchollet/ARC/pull/33","['pattern_deconstruction', 'pattern_rotation', 'pattern_expansion']",TRUE
0ca9ddb6,training,"(3, 1)",FALSE,TRUE,FALSE,FALSE,https://www.kaggle.com/davidbnn92/task-tagging,"['pattern_expansion', 'associate_patterns_to_colors']",
f8c80d96,training,"(3, 1)",FALSE,TRUE,FALSE,FALSE,https://www.kaggle.com/davidbnn92/task-tagging,"['pattern_expansion', 'background_filling']",
e179c5f4,training,"(3, 1)",FALSE,TRUE,FALSE,FALSE,https://www.kaggle.com/davidbnn92/task-tagging,"['pattern_expansion', 'bouncing']",
93b581b8,training,"(3, 1)",FALSE,TRUE,FALSE,TRUE,https://www.kaggle.com/davidbnn92/task-tagging,"['pattern_expansion', 'color_guessing', 'out_of_boundary']",
a699fb00,training,"(3, 1)",FALSE,TRUE,FALSE,FALSE,https://www.kaggle.com/davidbnn92/task-tagging,"['pattern_expansion', 'connect_the_dots']",
a65b410d,training,"(3, 1)",FALSE,TRUE,FALSE,FALSE,https://www.kaggle.com/davidbnn92/task-tagging,"['pattern_expansion', 'count_tiles', 'associate_colors_to_ranks']",
1f0c79e5,training,"(4, 1)",FALSE,TRUE,FALSE,FALSE,https://www.kaggle.com/davidbnn92/task-tagging,"['pattern_expansion', 'diagonals', 'direction_guessing']",
e9614598,training,"(2, 2)",FALSE,TRUE,FALSE,FALSE,https://www.kaggle.com/davidbnn92/task-tagging,"['pattern_expansion', 'direction_guessing', 'measure_length']",
045e512c,training,"(3, 1)",FALSE,TRUE,FALSE,TRUE,https://www.kaggle.com/davidbnn92/task-tagging,"['pattern_expansion', 'direction_guessing']",
e8dc4411,training,"(3, 1)",TRUE,TRUE,FALSE,TRUE,https://www.kaggle.com/davidbnn92/task-tagging,"['pattern_expansion', 'direction_guessing']",
e21d9049,training,"(2, 1)",FALSE,TRUE,FALSE,TRUE,https://www.kaggle.com/davidbnn92/task-tagging,"['pattern_expansion', 'draw_line_from_point', 'color_palette']",
b527c5c6,training,"(4, 1)",FALSE,TRUE,FALSE,TRUE,https://www.kaggle.com/davidbnn92/task-tagging,"['pattern_expansion', 'draw_line_from_point', 'contouring', 'direction_guessing', 'size_guessing']",
a3df8b1e,training,"(3, 1)",FALSE,TRUE,FALSE,TRUE,https://www.kaggle.com/davidbnn92/task-tagging,"['pattern_expansion', 'draw_line_from_point', 'diagonals', 'bounce']",
b8cdaf2b,training,"(4, 1)",FALSE,TRUE,FALSE,TRUE,https://www.kaggle.com/davidbnn92/task-tagging,"['pattern_expansion', 'draw_line_from_point', 'diagonals', 'pairwise_analogy']",
aba27056,training,"(3, 1)",FALSE,TRUE,FALSE,FALSE,https://www.kaggle.com/davidbnn92/task-tagging,"['pattern_expansion', 'draw_line_from_point', 'diagonals']",
ec883f72,training,"(4, 1)",FALSE,TRUE,FALSE,TRUE,https://www.kaggle.com/davidbnn92/task-tagging,"['pattern_expansion', 'draw_line_from_point', 'diagonals']",
f5b8619d,training,"(3, 1)",FALSE,FALSE,FALSE,FALSE,https://www.kaggle.com/davidbnn92/task-tagging,"['pattern_expansion', 'draw_line_from_point', 'image_repetition']",
d037b0a7,training,"(3, 1)",FALSE,TRUE,FALSE,TRUE,https://www.kaggle.com/davidbnn92/task-tagging,"['pattern_expansion', 'draw_line_from_point']",
54d82841,training,"(3, 1)",FALSE,TRUE,FALSE,FALSE,https://www.kaggle.com/davidbnn92/task-tagging,"['pattern_expansion', 'gravity']",
feca6190,training,"(5, 1)",FALSE,FALSE,FALSE,TRUE,https://www.kaggle.com/davidbnn92/task-tagging,"['pattern_expansion', 'image_expansion', 'draw_line_from_point', 'diagonals']",
49d1d64f,training,"(3, 1)",FALSE,FALSE,FALSE,FALSE,https://www.kaggle.com/davidbnn92/task-tagging,"['pattern_expansion', 'image_expansion']",
539a4f51,training,"(3, 1)",FALSE,FALSE,FALSE,FALSE,https://www.kaggle.com/davidbnn92/task-tagging,"['pattern_expansion', 'image_expansion']",
53b68214,training,"(3, 2)",FALSE,FALSE,FALSE,TRUE,https://www.kaggle.com/davidbnn92/task-tagging,"['pattern_expansion', 'image_expansion']",
bbc9ae5d,training,"(5, 1)",FALSE,FALSE,FALSE,TRUE,https://www.kaggle.com/davidbnn92/task-tagging,"['pattern_expansion', 'image_expansion']",
c3f564a4,training,"(3, 1)",FALSE,TRUE,FALSE,FALSE,https://www.kaggle.com/davidbnn92/task-tagging,"['pattern_expansion', 'image_filling']",
caa06a1f,training,"(3, 1)",TRUE,TRUE,FALSE,FALSE,https://www.kaggle.com/davidbnn92/task-tagging,"['pattern_expansion', 'image_filling']",
10fcaaa3,training,"(4, 1)",FALSE,FALSE,FALSE,FALSE,"https://www.kaggle.com/davidbnn92/task-tagging
https://github.com/fchollet/ARC/pull/31","['pattern_expansion', 'image_repetition']",TRUE
b782dc8a,training,"(2, 1)",FALSE,TRUE,FALSE,TRUE,https://www.kaggle.com/davidbnn92/task-tagging,"['pattern_expansion', 'maze']",
db3e9e38,training,"(2, 1)",FALSE,TRUE,FALSE,FALSE,https://www.kaggle.com/davidbnn92/task-tagging,"['pattern_expansion', 'out_of_boundary']",
7447852a,training,"(3, 1)",FALSE,TRUE,FALSE,FALSE,https://www.kaggle.com/davidbnn92/task-tagging,"['pattern_expansion', 'pairwise_analogy']",
d06dbe63,training,"(2, 1)",FALSE,TRUE,FALSE,FALSE,https://www.kaggle.com/davidbnn92/task-tagging,"['pattern_expansion', 'pairwise_analogy']",
d22278a0,training,"(4, 1)",FALSE,TRUE,FALSE,TRUE,https://github.com/fchollet/ARC/pull/4,"['pattern_expansion', 'pairwise_analogy']",TRUE
f9012d9b,training,"(3, 1)",FALSE,FALSE,FALSE,FALSE,https://www.kaggle.com/davidbnn92/task-tagging,"['pattern_expansion', 'pattern_completion', 'crop']",
ff805c23,training,"(3, 1)",FALSE,FALSE,FALSE,FALSE,https://www.kaggle.com/davidbnn92/task-tagging,"['pattern_expansion', 'pattern_completion', 'crop']",
b548a754,training,"(3, 1)",FALSE,TRUE,FALSE,FALSE,https://www.kaggle.com/davidbnn92/task-tagging,"['pattern_expansion', 'pattern_modification', 'x_marks_the_spot']",
9d9215db,training,"(3, 1)",FALSE,TRUE,FALSE,TRUE,https://www.kaggle.com/davidbnn92/task-tagging,"['pattern_expansion', 'pattern_reflection', 'pattern_rotation']",
e40b9e2f,training,"(3, 1)",FALSE,TRUE,FALSE,TRUE,https://www.kaggle.com/davidbnn92/task-tagging,"['pattern_expansion', 'pattern_reflection', 'pattern_rotation']",
d8c310e9,training,"(3, 1)",FALSE,TRUE,FALSE,TRUE,https://www.kaggle.com/davidbnn92/task-tagging,"['pattern_expansion', 'pattern_repetition', 'pattern_completion']",
b775ac94,training,"(3, 1)",FALSE,TRUE,FALSE,TRUE,https://www.kaggle.com/davidbnn92/task-tagging,"['pattern_expansion', 'pattern_repetition', 'recoloring', 'pattern_rotation', 'pattern_reflection', 'direction_guessing', 'pattern_juxtaposition']",
4938f0c2,training,"(3, 1)",FALSE,TRUE,FALSE,TRUE,https://www.kaggle.com/davidbnn92/task-tagging,"['pattern_expansion', 'pattern_rotation', 'pattern_reflection']",
4c5c2cf0,training,"(3, 1)",FALSE,TRUE,FALSE,TRUE,https://www.kaggle.com/davidbnn92/task-tagging,"['pattern_expansion', 'pattern_rotation', 'pattern_reflection']",
fcc82909,training,"(3, 1)",FALSE,TRUE,FALSE,FALSE,https://www.kaggle.com/davidbnn92/task-tagging,"['pattern_expansion', 'separate_images', 'count_different_colors']",
22233c11,training,"(3, 1)",FALSE,TRUE,FALSE,FALSE,https://www.kaggle.com/davidbnn92/task-tagging,"['pattern_expansion', 'size_guessing']",
0962bcdd,training,"(2, 1)",FALSE,TRUE,FALSE,TRUE,https://www.kaggle.com/davidbnn92/task-tagging,['pattern_expansion'],
11852cab,training,"(3, 1)",FALSE,TRUE,FALSE,TRUE,"https://www.kaggle.com/davidbnn92/task-tagging
https://github.com/fchollet/ARC/pull/33",['pattern_expansion'],TRUE
1bfc4729,training,"(2, 1)",FALSE,TRUE,FALSE,TRUE,https://www.kaggle.com/davidbnn92/task-tagging,['pattern_expansion'],
22168020,training,"(3, 1)",FALSE,TRUE,FALSE,TRUE,https://www.kaggle.com/davidbnn92/task-tagging,['pattern_expansion'],
95990924,training,"(3, 1)",FALSE,TRUE,FALSE,FALSE,https://www.kaggle.com/davidbnn92/task-tagging,['pattern_expansion'],
b7249182,training,"(3, 1)",FALSE,TRUE,FALSE,TRUE,https://www.kaggle.com/davidbnn92/task-tagging,['pattern_expansion'],
d364b489,training,"(2, 1)",FALSE,TRUE,FALSE,FALSE,https://www.kaggle.com/davidbnn92/task-tagging,['pattern_expansion'],
f35d900a,training,"(4, 1)",FALSE,TRUE,FALSE,FALSE,https://www.kaggle.com/davidbnn92/task-tagging,['pattern_expansion'],
67a423a3,training,"(3, 1)",FALSE,TRUE,FALSE,FALSE,https://www.kaggle.com/davidbnn92/task-tagging,"['pattern_intersection', 'contouring']",
dae9d2b5,training,"(5, 2)",FALSE,FALSE,FALSE,FALSE,https://www.kaggle.com/davidbnn92/task-tagging,"['pattern_juxtaposition', 'separate_images', 'recoloring']",
d89b689b,training,"(3, 1)",FALSE,TRUE,FALSE,FALSE,https://www.kaggle.com/davidbnn92/task-tagging,"['pattern_juxtaposition', 'summarize', 'direction_guessing']",
137eaa0f,training,"(3, 1)",FALSE,FALSE,FALSE,FALSE,https://www.kaggle.com/davidbnn92/task-tagging,['pattern_juxtaposition'],
ea786f4a,training,"(3, 1)",FALSE,TRUE,FALSE,TRUE,https://www.kaggle.com/davidbnn92/task-tagging,"['pattern_modification', 'draw_line_from_point', 'diagonals']",
ecdecbb3,training,"(3, 1)",FALSE,TRUE,FALSE,TRUE,https://www.kaggle.com/davidbnn92/task-tagging,"['pattern_modification', 'draw_line_from_point']",
ba26e723,training,"(5, 1)",TRUE,TRUE,FALSE,FALSE,https://www.kaggle.com/davidbnn92/task-tagging,"['pattern_modification', 'pairwise_analogy', 'recoloring']",
ba97ae07,training,"(4, 1)",TRUE,TRUE,FALSE,TRUE,https://www.kaggle.com/davidbnn92/task-tagging,"['pattern_modification', 'pairwise_analogy', 'rettangle_guessing', 'recoloring']",
025d127b,training,"(2, 1)",FALSE,TRUE,FALSE,TRUE,"https://www.kaggle.com/davidbnn92/task-tagging
https://www.kaggle.com/c/abstraction-and-reasoning-challenge/discussion/131021",['pattern_modification'],TRUE
e9afcf9a,training,"(2, 1)",TRUE,TRUE,FALSE,TRUE,https://www.kaggle.com/davidbnn92/task-tagging,['pattern_modification'],
a61ba2ce,training,"(2, 1)",FALSE,FALSE,FALSE,TRUE,https://www.kaggle.com/davidbnn92/task-tagging,"['pattern_moving', 'bring_patterns_close', 'crop', 'jigsaw']",
a48eeaf7,training,"(2, 1)",FALSE,TRUE,FALSE,TRUE,https://www.kaggle.com/davidbnn92/task-tagging,"['pattern_moving', 'bring_patterns_close', 'gravity', 'direction_guessing']",
98cf29f8,training,"(3, 1)",FALSE,TRUE,FALSE,TRUE,https://www.kaggle.com/davidbnn92/task-tagging,"['pattern_moving', 'bring_patterns_close']",
4290ef0e,training,"(3, 1)",FALSE,FALSE,FALSE,TRUE,https://www.kaggle.com/davidbnn92/task-tagging,"['pattern_moving', 'concentric', 'crop']",
beb8660c,training,"(3, 1)",FALSE,TRUE,FALSE,TRUE,https://www.kaggle.com/davidbnn92/task-tagging,"['pattern_moving', 'count_tiles', 'order_numbers']",
05f2a901,training,"(3, 1)",FALSE,TRUE,FALSE,TRUE,https://www.kaggle.com/davidbnn92/task-tagging,"['pattern_moving', 'direction_guessing', 'bring_patterns_close']",
dc433765,training,"(7, 2)",FALSE,TRUE,FALSE,TRUE,https://github.com/fchollet/ARC/issues/29,"['pattern_moving', 'direction_guessing', 'only_one']",TRUE
6855a6e4,training,"(3, 1)",FALSE,TRUE,FALSE,TRUE,https://www.kaggle.com/davidbnn92/task-tagging,"['pattern_moving', 'direction_guessing', 'x_marks_the_spot']",
1e0a9b12,training,"(3, 1)",FALSE,TRUE,FALSE,TRUE,https://www.kaggle.com/davidbnn92/task-tagging,"['pattern_moving', 'gravity']",
681b3aeb,training,"(3, 1)",FALSE,FALSE,FALSE,FALSE,https://www.kaggle.com/davidbnn92/task-tagging,"['pattern_moving', 'jigsaw', 'crop', 'bring_patterns_close']",
a8c38be5,training,"(2, 1)",FALSE,FALSE,FALSE,FALSE,https://www.kaggle.com/davidbnn92/task-tagging,"['pattern_moving', 'jigsaw', 'crop']",
c8cbb738,training,"(3, 1)",FALSE,FALSE,FALSE,TRUE,https://www.kaggle.com/davidbnn92/task-tagging,"['pattern_moving', 'jigsaw', 'crop']",
6a1e5592,training,"(2, 1)",FALSE,TRUE,FALSE,FALSE,"https://www.kaggle.com/davidbnn92/task-tagging
https://github.com/fchollet/ARC/pull/16","['pattern_moving', 'jigsaw', 'recoloring']",TRUE
228f6490,training,"(3, 1)",FALSE,TRUE,FALSE,TRUE,https://www.kaggle.com/davidbnn92/task-tagging,"['pattern_moving', 'loop_filling', 'shape_guessing', 'x_marks_the_spot']",
5521c0d9,training,"(3, 1)",FALSE,TRUE,FALSE,TRUE,https://www.kaggle.com/davidbnn92/task-tagging,"['pattern_moving', 'measure_length']",
1caeab9d,training,"(3, 1)",FALSE,TRUE,FALSE,TRUE,https://www.kaggle.com/davidbnn92/task-tagging,"['pattern_moving', 'pattern_alignment']",
bc1d5164,training,"(5, 1)",FALSE,FALSE,FALSE,TRUE,https://www.kaggle.com/davidbnn92/task-tagging,"['pattern_moving', 'pattern_juxtaposition', 'crop', 'pairwise_analogy']",
97a05b5b,training,"(3, 1)",FALSE,FALSE,FALSE,FALSE,https://www.kaggle.com/davidbnn92/task-tagging,"['pattern_moving', 'pattern_juxtaposition', 'crop', 'shape_guessing']",
e6721834,training,"(3, 1)",FALSE,FALSE,FALSE,FALSE,https://www.kaggle.com/davidbnn92/task-tagging,"['pattern_moving', 'pattern_juxtaposition', 'crop']",
846bdb03,training,"(4, 1)",FALSE,FALSE,FALSE,TRUE,https://www.kaggle.com/davidbnn92/task-tagging,"['pattern_moving', 'pattern_reflection', 'crop', 'color_matching', 'x_marks_the_spot']",
f8a8fe49,training,"(3, 1)",FALSE,TRUE,FALSE,TRUE,https://www.kaggle.com/davidbnn92/task-tagging,"['pattern_moving', 'pattern_reflection']",
6b9890af,training,"(3, 1)",FALSE,FALSE,FALSE,TRUE,https://www.kaggle.com/davidbnn92/task-tagging,"['pattern_moving', 'pattern_resizing', 'crop', 'x_marks_the_spot']",
a79310a0,training,"(3, 1)",FALSE,TRUE,FALSE,FALSE,https://www.kaggle.com/davidbnn92/task-tagging,"['pattern_moving', 'recoloring', 'pairwise_analogy']",
a1570a43,training,"(4, 1)",FALSE,TRUE,FALSE,TRUE,https://www.kaggle.com/davidbnn92/task-tagging,"['pattern_moving', 'rectangle_guessing', 'x_marks_the_spot']",
9aec4887,training,"(3, 1)",FALSE,FALSE,FALSE,TRUE,https://www.kaggle.com/davidbnn92/task-tagging,"['pattern_moving', 'x_marks_the_spot', 'crop', 'recoloring', 'color_guessing']",
25ff71a9,training,"(4, 2)",FALSE,TRUE,FALSE,TRUE,https://www.kaggle.com/davidbnn92/task-tagging,['pattern_moving'],
2bcee788,training,"(4, 1)",FALSE,TRUE,FALSE,FALSE,https://www.kaggle.com/davidbnn92/task-tagging,"['pattern_reflection', 'direction_guessing', 'image_filling', 'background_filling']",
760b3cac,training,"(3, 1)",FALSE,TRUE,FALSE,TRUE,https://www.kaggle.com/davidbnn92/task-tagging,"['pattern_reflection', 'direction_guessing']",
496994bd,training,"(2, 1)",FALSE,TRUE,FALSE,TRUE,https://www.kaggle.com/davidbnn92/task-tagging,['pattern_reflection'],
82819916,training,"(4, 1)",FALSE,TRUE,FALSE,TRUE,"https://www.kaggle.com/c/abstraction-and-reasoning-challenge/discussion/131021
https://github.com/fchollet/ARC/pull/32","['pattern_repetition', 'color_guessing', 'draw_line_from_point', 'associate_colors_to_colors']",TRUE
4258a5f9,training,"(2, 1)",FALSE,TRUE,FALSE,FALSE,https://www.kaggle.com/davidbnn92/task-tagging,"['pattern_repetition', 'contouring']",
447fd412,training,"(3, 1)",FALSE,TRUE,FALSE,TRUE,https://www.kaggle.com/davidbnn92/task-tagging,"['pattern_repetition', 'draw_pattern_from_point', 'pattern_resizing']",
8eb1be9a,training,"(2, 1)",FALSE,TRUE,FALSE,TRUE,https://www.kaggle.com/davidbnn92/task-tagging,"['pattern_repetition', 'image_filling']",
444801d8,training,"(3, 1)",FALSE,TRUE,FALSE,TRUE,https://www.kaggle.com/davidbnn92/task-tagging,"['pattern_repetition', 'pattern_expansion', 'rectangle_guessing']",
3e980e27,training,"(4, 1)",FALSE,TRUE,FALSE,TRUE,https://www.kaggle.com/davidbnn92/task-tagging,"['pattern_repetition', 'pattern_juxtaposition', 'direction_guessing', 'pattern_reflection']",
264363fd,training,"(3, 1)",TRUE,TRUE,FALSE,TRUE,https://www.kaggle.com/davidbnn92/task-tagging,"['pattern_repetition', 'pattern_juxtaposition', 'draw_line_from_point']",
36d67576,training,"(3, 1)",FALSE,TRUE,FALSE,TRUE,https://www.kaggle.com/davidbnn92/task-tagging,"['pattern_repetition', 'pattern_juxtaposition', 'pattern_reflection', 'pattern_rotation']",
6aa20dc0,training,"(3, 1)",TRUE,TRUE,FALSE,TRUE,https://www.kaggle.com/davidbnn92/task-tagging,"['pattern_repetition', 'pattern_juxtaposition', 'pattern_resizing']",
321b1fc6,training,"(2, 1)",FALSE,TRUE,FALSE,FALSE,https://www.kaggle.com/davidbnn92/task-tagging,"['pattern_repetition', 'pattern_juxtaposition']",
72322fa7,training,"(3, 1)",FALSE,TRUE,FALSE,TRUE,https://www.kaggle.com/davidbnn92/task-tagging,"['pattern_repetition', 'pattern_juxtaposition']",
88a10436,training,"(3, 1)",FALSE,TRUE,FALSE,FALSE,https://www.kaggle.com/davidbnn92/task-tagging,"['pattern_repetition', 'pattern_juxtaposition']",
e5062a87,training,"(3, 1)",FALSE,TRUE,FALSE,TRUE,https://www.kaggle.com/c/abstraction-and-reasoning-challenge/discussion/131021,"['pattern_repetition', 'pattern_juxtaposition']",TRUE
e76a88a6,training,"(2, 1)",TRUE,TRUE,FALSE,FALSE,https://www.kaggle.com/davidbnn92/task-tagging,"['pattern_repetition', 'pattern_juxtaposition']",
f25ffba3,training,"(2, 1)",FALSE,TRUE,FALSE,TRUE,https://www.kaggle.com/davidbnn92/task-tagging,"['pattern_repetition', 'pattern_reflection']",
8a004b2b,training,"(3, 1)",FALSE,FALSE,FALSE,TRUE,https://www.kaggle.com/davidbnn92/task-tagging,"['pattern_repetition', 'pattern_resizing', 'pattern_juxtaposition', 'rectangle_guessing', 'crop']",
7df24a62,training,"(4, 1)",FALSE,TRUE,FALSE,TRUE,https://www.kaggle.com/davidbnn92/task-tagging,"['pattern_repetition', 'pattern_rotation', 'pattern_juxtaposition', 'out_of_boundary']",
90f3ed37,training,"(3, 1)",FALSE,TRUE,FALSE,FALSE,https://www.kaggle.com/davidbnn92/task-tagging,"['pattern_repetition', 'recoloring']",
8.90E+14,training,"(3, 1)",FALSE,TRUE,FALSE,TRUE,https://www.kaggle.com/davidbnn92/task-tagging,"['pattern_repetition', 'rectangle_guessing', 'contouring']",
46f33fce,training,"(3, 1)",FALSE,FALSE,FALSE,TRUE,https://www.kaggle.com/davidbnn92/task-tagging,"['pattern_resizing', 'image_resizing']",
2204b7a8,training,"(3, 1)",TRUE,TRUE,FALSE,FALSE,https://www.kaggle.com/davidbnn92/task-tagging,"['proximity_guessing', 'recoloring']",
b1948b0a,training,"(3, 1)",TRUE,TRUE,FALSE,FALSE,https://www.kaggle.com/davidbnn92/task-tagging,"['recoloring', 'associate_colors_to_colors']",
c8f0f002,training,"(3, 1)",TRUE,TRUE,FALSE,FALSE,https://www.kaggle.com/davidbnn92/task-tagging,"['recoloring', 'associate_colors_to_colors']",
776ffc46,training,"(4, 1)",TRUE,TRUE,FALSE,TRUE,https://www.kaggle.com/davidbnn92/task-tagging,"['recoloring', 'associate_colors_to_patterns', 'detect_enclosure', 'find_the_intruder']",
e509e548,training,"(3, 1)",TRUE,TRUE,FALSE,FALSE,https://www.kaggle.com/davidbnn92/task-tagging,"['recoloring', 'associate_colors_to_shapes', 'homeomorphism']",
234bbc79,training,"(4, 1)",FALSE,FALSE,FALSE,FALSE,https://www.kaggle.com/davidbnn92/task-tagging,"['recoloring', 'bring_patterns_close', 'crop']",
77fdfe62,training,"(3, 1)",FALSE,FALSE,FALSE,FALSE,https://www.kaggle.com/davidbnn92/task-tagging,"['recoloring', 'color_guessing', 'detect_grid', 'crop']",
8e1813be,training,"(3, 1)",FALSE,FALSE,FALSE,FALSE,https://www.kaggle.com/davidbnn92/task-tagging,"['recoloring', 'color_guessing', 'direction_guesingcrop', 'image_within_image']",
aabf363d,training,"(2, 1)",FALSE,TRUE,FALSE,FALSE,https://www.kaggle.com/davidbnn92/task-tagging,"['recoloring', 'color_guessing', 'remove_intruders']",
63613498,training,"(3, 1)",TRUE,TRUE,FALSE,FALSE,https://www.kaggle.com/davidbnn92/task-tagging,"['recoloring', 'compare_image', 'detect_wall']",
6e82a1ae,training,"(3, 1)",TRUE,TRUE,FALSE,FALSE,https://www.kaggle.com/davidbnn92/task-tagging,"['recoloring', 'count_tiles', 'associate_colors_to_numbers']",
ce9e57f2,training,"(3, 1)",TRUE,TRUE,FALSE,FALSE,https://www.kaggle.com/davidbnn92/task-tagging,"['recoloring', 'count_tiles', 'take_half']",
b2862040,training,"(4, 1)",TRUE,TRUE,FALSE,FALSE,https://www.kaggle.com/davidbnn92/task-tagging,"['recoloring', 'detect_closed_curves', 'associate_colors_to_bools']",
810b9b61,training,"(3, 1)",TRUE,TRUE,FALSE,FALSE,https://www.kaggle.com/davidbnn92/task-tagging,"['recoloring', 'detect_closed_curves']",
673ef223,training,"(3, 1)",FALSE,TRUE,FALSE,FALSE,https://www.kaggle.com/davidbnn92/task-tagging,"['recoloring', 'draw_line_from_point', 'portals']",
67385a82,training,"(4, 1)",TRUE,TRUE,FALSE,FALSE,https://www.kaggle.com/davidbnn92/task-tagging,"['recoloring', 'measure_area', 'associate_colors_to_bools']",
d406998b,training,"(4, 1)",TRUE,TRUE,FALSE,FALSE,https://www.kaggle.com/davidbnn92/task-tagging,"['recoloring', 'one_yes_one_no', 'cylindrical']",
bda2d7a6,training,"(3, 2)",FALSE,TRUE,FALSE,TRUE,https://www.kaggle.com/davidbnn92/task-tagging,"['recoloring', 'pairwise_analogy', 'pattern_modification', 'color_permutation']",
017c7c7b,training,"(3, 1)",FALSE,FALSE,FALSE,FALSE,https://www.kaggle.com/davidbnn92/task-tagging,"['recoloring', 'pattern_expansion', 'pattern_repetition', 'image_expansion']",
a5f85a15,training,"(3, 1)",TRUE,TRUE,FALSE,FALSE,https://www.kaggle.com/davidbnn92/task-tagging,"['recoloring', 'pattern_modification', 'pairwise_analogy']",
c9f8e694,training,"(2, 1)",TRUE,TRUE,FALSE,FALSE,https://www.kaggle.com/davidbnn92/task-tagging,"['recoloring', 'pattern_repetition', 'color_palette']",
3bdb4ada,training,"(2, 1)",FALSE,TRUE,FALSE,TRUE,https://www.kaggle.com/davidbnn92/task-tagging,"['recoloring', 'pattern_repetition', 'holes']",
36fdfd69,training,"(3, 1)",TRUE,TRUE,FALSE,FALSE,https://www.kaggle.com/davidbnn92/task-tagging,"['recoloring', 'rectangle_guessing']",
a8d7556c,training,"(3, 1)",FALSE,TRUE,FALSE,FALSE,https://www.kaggle.com/davidbnn92/task-tagging,"['recoloring', 'rectangle_guessing']",
b6afb2da,training,"(2, 1)",TRUE,TRUE,FALSE,FALSE,https://www.kaggle.com/davidbnn92/task-tagging,"['recoloring', 'replace_pattern', 'rectangle_guessing']",
aedd82e4,training,"(4, 1)",TRUE,TRUE,FALSE,FALSE,https://www.kaggle.com/davidbnn92/task-tagging,"['recoloring', 'separate_shapes', 'count_tiles', 'take_minimum', 'associate_colors_to_bools']",
b230c067,training,"(2, 1)",TRUE,TRUE,FALSE,FALSE,https://www.kaggle.com/davidbnn92/task-tagging,"['recoloring', 'separate_shapes', 'find_the_intruder', 'associate_colors_to_bools']",
928ad970,training,"(3, 1)",FALSE,TRUE,FALSE,TRUE,https://www.kaggle.com/davidbnn92/task-tagging,"['rectangle_guessing', 'color_guessing', 'draw_rectangle']",
8731374e,training,"(3, 1)",FALSE,FALSE,FALSE,FALSE,https://www.kaggle.com/davidbnn92/task-tagging,"['rectangle_guessing', 'crop', 'draw_line_from_point']",
5bd6f4ac,training,"(4, 1)",FALSE,FALSE,FALSE,FALSE,https://www.kaggle.com/davidbnn92/task-tagging,"['rectangle_guessing', 'crop']",
952a094c,training,"(3, 1)",FALSE,TRUE,FALSE,TRUE,https://www.kaggle.com/davidbnn92/task-tagging,"['rectangle_guessing', 'inside_out']",
694f12f3,training,"(2, 1)",TRUE,TRUE,FALSE,FALSE,https://www.kaggle.com/davidbnn92/task-tagging,"['rectangle_guessing', 'loop_filling', 'measure_area', 'associate_colors_to_ranks']",
6d75e8bb,training,"(3, 1)",FALSE,TRUE,FALSE,FALSE,https://www.kaggle.com/davidbnn92/task-tagging,"['rectangle_guessing', 'pattern_completion']",
5c2c9af4,training,"(3, 1)",FALSE,TRUE,FALSE,TRUE,https://www.kaggle.com/davidbnn92/task-tagging,"['rectangle_guessing', 'pattern_expansion']",
d4f3cd78,training,"(2, 1)",FALSE,TRUE,FALSE,FALSE,https://www.kaggle.com/davidbnn92/task-tagging,"['rectangle_guessing', 'recoloring', 'draw_line_from_point']",
3eda0437,training,"(4, 1)",FALSE,TRUE,FALSE,FALSE,https://www.kaggle.com/davidbnn92/task-tagging,"['rectangle_guessing', 'recoloring', 'measure_area', 'take_maximum']",
6cf79266,training,"(3, 1)",FALSE,TRUE,FALSE,FALSE,"https://www.kaggle.com/davidbnn92/task-tagging
https://www.kaggle.com/c/abstraction-and-reasoning-challenge/discussion/131021","['rectangle_guessing', 'recoloring']",TRUE
7f4411dc,training,"(3, 1)",FALSE,TRUE,FALSE,TRUE,https://www.kaggle.com/davidbnn92/task-tagging,"['rectangle_guessing', 'remove_noise']",
fcb5c309,training,"(3, 1)",FALSE,FALSE,FALSE,FALSE,https://www.kaggle.com/davidbnn92/task-tagging,"['rectangle_guessing', 'separate_images', 'count_tiles', 'take_maximum', 'crop', 'recoloring']",
42a50994,training,"(4, 1)",FALSE,TRUE,FALSE,TRUE,"https://www.kaggle.com/davidbnn92/task-tagging
https://www.kaggle.com/c/abstraction-and-reasoning-challenge/discussion/131021
https://github.com/fchollet/ARC/pull/43","['remove_noise', 'count_tiles']",TRUE
5614dbcf,training,"(2, 1)",FALSE,FALSE,FALSE,FALSE,https://www.kaggle.com/davidbnn92/task-tagging,"['remove_noise', 'image_resizing']",
e26a3af2,training,"(3, 1)",TRUE,TRUE,FALSE,FALSE,https://www.kaggle.com/davidbnn92/task-tagging,"['remove_noise', 'separate_images']",
a9f96cdd,training,"(4, 1)",FALSE,TRUE,FALSE,FALSE,https://www.kaggle.com/davidbnn92/task-tagging,"['replace_pattern', 'out_of_boundary']",
6c434453,training,"(2, 1)",FALSE,TRUE,FALSE,FALSE,https://www.kaggle.com/davidbnn92/task-tagging,['replace_pattern'],
b60334d2,training,"(2, 1)",FALSE,TRUE,FALSE,FALSE,https://www.kaggle.com/davidbnn92/task-tagging,['replace_pattern'],
ce22a75a,training,"(2, 1)",FALSE,TRUE,FALSE,FALSE,https://www.kaggle.com/davidbnn92/task-tagging,['replace_pattern'],
d90796e8,training,"(3, 1)",FALSE,TRUE,FALSE,FALSE,https://www.kaggle.com/davidbnn92/task-tagging,['replace_pattern'],
a85d4709,training,"(4, 1)",FALSE,TRUE,FALSE,FALSE,https://www.kaggle.com/davidbnn92/task-tagging,"['separate_images', 'associate_colors_to_images', 'summarize']",
ae4f1146,training,"(4, 1)",FALSE,FALSE,FALSE,FALSE,https://www.kaggle.com/davidbnn92/task-tagging,"['separate_images', 'count_tiles', 'crop']",
9af7a82c,training,"(4, 1)",FALSE,FALSE,FALSE,FALSE,https://www.kaggle.com/davidbnn92/task-tagging,"['separate_images', 'count_tiles', 'summarize', 'order_numbers']",
de1cd16c,training,"(4, 1)",FALSE,FALSE,FALSE,FALSE,https://www.kaggle.com/davidbnn92/task-tagging,"['separate_images', 'count_tiles', 'take_maximum', 'summarize']",
e50d258f,training,"(3, 1)",FALSE,FALSE,FALSE,FALSE,https://www.kaggle.com/davidbnn92/task-tagging,"['separate_images', 'detect_background_color', 'crop', 'count_tiles', 'take_maximum']",
7b7f7511,training,"(3, 1)",FALSE,FALSE,FALSE,TRUE,https://www.kaggle.com/davidbnn92/task-tagging,"['separate_images', 'detect_repetition', 'crop']",
662c240a,training,"(4, 1)",FALSE,FALSE,FALSE,FALSE,https://www.kaggle.com/davidbnn92/task-tagging,"['separate_images', 'detect_symmetry', 'find_the_intruder', 'crop']",
a87f7484,training,"(4, 1)",FALSE,FALSE,FALSE,FALSE,https://www.kaggle.com/davidbnn92/task-tagging,"['separate_images', 'find_the_intruder', 'crop']",
b190f7f5,training,"(3, 1)",FALSE,FALSE,FALSE,FALSE,https://www.kaggle.com/davidbnn92/task-tagging,"['separate_images', 'image_expasion', 'color_palette', 'image_resizing', 'replace_pattern']",
75b8110e,training,"(5, 1)",FALSE,FALSE,FALSE,FALSE,https://www.kaggle.com/davidbnn92/task-tagging,"['separate_images', 'image_juxtaposition']",
8efcae92,training,"(3, 1)",FALSE,FALSE,FALSE,FALSE,https://www.kaggle.com/davidbnn92/task-tagging,"['separate_images', 'rectangle_guessing', 'count_tiles', 'take_maximum', 'crop']",
94f9d214,training,"(4, 1)",FALSE,FALSE,FALSE,FALSE,https://www.kaggle.com/davidbnn92/task-tagging,"['separate_images', 'take_complement', 'pattern_intersection']",
fafffa47,training,"(5, 1)",FALSE,FALSE,FALSE,FALSE,https://www.kaggle.com/davidbnn92/task-tagging,"['separate_images', 'take_complement', 'pattern_intersection']",
d0f5fe59,training,"(3, 1)",FALSE,FALSE,FALSE,TRUE,https://www.kaggle.com/davidbnn92/task-tagging,"['separate_shapes', 'count_shapes', 'associate_images_to_numbers', 'pairwise_analogy']",
d2abd087,training,"(3, 1)",TRUE,TRUE,FALSE,FALSE,https://www.kaggle.com/davidbnn92/task-tagging,"['separate_shapes', 'count_tiles', 'associate_colors_to_numbers', 'recoloring']",
ea32f347,training,"(4, 1)",TRUE,TRUE,FALSE,FALSE,https://www.kaggle.com/davidbnn92/task-tagging,"['separate_shapes', 'count_tiles', 'recoloring', 'associate_colors_to_ranks']",
9565186b,training,"(4, 1)",TRUE,TRUE,FALSE,FALSE,https://www.kaggle.com/davidbnn92/task-tagging,"['separate_shapes', 'count_tiles', 'recoloring', 'take_maximum', 'associate_color_to_bools']",
f8ff0b80,training,"(3, 1)",FALSE,FALSE,FALSE,FALSE,https://www.kaggle.com/davidbnn92/task-tagging,"['separate_shapes', 'count_tiles', 'summarize', 'order_numbers']",
be94b721,training,"(4, 1)",FALSE,FALSE,FALSE,FALSE,https://www.kaggle.com/davidbnn92/task-tagging,"['separate_shapes', 'count_tiles', 'take_maximum', 'crop']",
a3325580,training,"(6, 1)",FALSE,FALSE,FALSE,FALSE,https://www.kaggle.com/davidbnn92/task-tagging,"['separate_shapes', 'count_tiles', 'take_maximum', 'summarize', 'remove_intruders']",
a61f2674,training,"(2, 1)",FALSE,TRUE,FALSE,FALSE,https://www.kaggle.com/davidbnn92/task-tagging,"['separate_shapes', 'count_tiles', 'take_maximum', 'take_minimum', 'recoloring', 'associate_colors_to_ranks', 'remove_intruders']",
cdecee7f,training,"(3, 1)",FALSE,FALSE,FALSE,FALSE,https://www.kaggle.com/davidbnn92/task-tagging,"['summarize', 'pairwise_analogy']",
4be741c5,training,"(3, 1)",FALSE,FALSE,FALSE,TRUE,https://www.kaggle.com/davidbnn92/task-tagging,['summarize'],
eb5a1d5d,training,"(3, 1)",FALSE,FALSE,FALSE,TRUE,https://www.kaggle.com/davidbnn92/task-tagging,['summarize'],
995c5fa3,training,"(4, 1)",FALSE,FALSE,FALSE,FALSE,https://www.kaggle.com/davidbnn92/task-tagging,"['take_complement', 'detect_wall', 'separate_images', 'associate_colors_to_images', 'summarize']",
99b1bc43,training,"(4, 1)",FALSE,FALSE,FALSE,FALSE,https://www.kaggle.com/davidbnn92/task-tagging,"['take_complement', 'detect_wall', 'separate_images', 'pattern_intersection']",
3de23699,training,"(4, 1)",FALSE,FALSE,FALSE,FALSE,https://www.kaggle.com/davidbnn92/task-tagging,"['take_negative', 'crop', 'rectangle_guessing']",
3befdf3e,training,"(3, 1)",FALSE,TRUE,FALSE,TRUE,https://www.kaggle.com/davidbnn92/task-tagging,"['take_negative', 'pattern_expansion']",
f76d97a5,training,"(3, 1)",FALSE,TRUE,FALSE,FALSE,https://www.kaggle.com/davidbnn92/task-tagging,"['take_negative', 'recoloring', 'associate_colors_to_colors']",
576224,evaluation,"(2, 1)",FALSE,FALSE,FALSE,TRUE,,,
009d5c81,evaluation,"(5, 1)",FALSE,TRUE,FALSE,FALSE,,,
00dbd492,evaluation,"(4, 1)",FALSE,TRUE,FALSE,FALSE,,,
3560426,evaluation,"(3, 1)",FALSE,TRUE,FALSE,TRUE,,,
05a7bcf2,evaluation,"(3, 1)",FALSE,TRUE,FALSE,FALSE,,,
0607ce86,evaluation,"(3, 1)",FALSE,TRUE,FALSE,TRUE,,,
0692e18c,evaluation,"(3, 1)",FALSE,FALSE,FALSE,TRUE,,,
070dd51e,evaluation,"(2, 1)",FALSE,TRUE,FALSE,TRUE,https://www.kaggle.com/c/abstraction-and-reasoning-challenge/discussion/131021,,TRUE
08573cc6,evaluation,"(3, 1)",FALSE,TRUE,FALSE,TRUE,,,
0934a4d8,evaluation,"(4, 1)",FALSE,FALSE,FALSE,FALSE,,,
09c534e7,evaluation,"(3, 1)",TRUE,TRUE,FALSE,TRUE,,,
0a1d4ef5,evaluation,"(3, 1)",FALSE,FALSE,FALSE,FALSE,,,
0a2355a6,evaluation,"(4, 1)",TRUE,TRUE,FALSE,FALSE,,,
0b17323b,evaluation,"(2, 1)",FALSE,TRUE,FALSE,FALSE,,,
0bb8deee,evaluation,"(3, 1)",FALSE,FALSE,FALSE,FALSE,,,
0becf7df,evaluation,"(3, 1)",TRUE,TRUE,FALSE,TRUE,,,
0c786b71,evaluation,"(3, 1)",FALSE,FALSE,FALSE,TRUE,,,
0c9aba6e,evaluation,"(4, 1)",FALSE,FALSE,FALSE,FALSE,,,
0d87d2a6,evaluation,"(3, 1)",FALSE,TRUE,FALSE,TRUE,,,
0e671a1a,evaluation,"(4, 1)",FALSE,TRUE,FALSE,FALSE,,,
0f63c0b9,evaluation,"(4, 1)",FALSE,TRUE,FALSE,TRUE,,,
103eff5b,evaluation,"(2, 1)",TRUE,TRUE,FALSE,FALSE,,,
11e1fe23,evaluation,"(2, 1)",FALSE,TRUE,FALSE,FALSE,,,
12422b43,evaluation,"(5, 1)",FALSE,TRUE,FALSE,FALSE,,,
12997ef3,evaluation,"(4, 2)",FALSE,FALSE,FALSE,FALSE,,,
12eac192,evaluation,"(4, 1)",TRUE,TRUE,FALSE,FALSE,,,
136b0064,evaluation,"(3, 1)",FALSE,FALSE,FALSE,FALSE,,,
13713586,evaluation,"(3, 1)",FALSE,TRUE,FALSE,TRUE,,,
137f0df0,evaluation,"(3, 1)",FALSE,TRUE,FALSE,FALSE,,,
140c817e,evaluation,"(3, 1)",TRUE,TRUE,FALSE,FALSE,,,
14754a24,evaluation,"(4, 1)",TRUE,TRUE,FALSE,FALSE,,,
15113be4,evaluation,"(3, 1)",TRUE,TRUE,FALSE,TRUE,,,
15663ba9,evaluation,"(3, 1)",TRUE,TRUE,FALSE,FALSE,,,
15696249,evaluation,"(4, 1)",FALSE,FALSE,FALSE,FALSE,,,
16b78196,evaluation,"(2, 1)",FALSE,TRUE,FALSE,TRUE,,,
17b80ad2,evaluation,"(4, 1)",FALSE,TRUE,FALSE,TRUE,,,
17cae0c1,evaluation,"(4, 1)",FALSE,TRUE,FALSE,FALSE,,,
18419cfa,evaluation,"(3, 1)",FALSE,TRUE,FALSE,TRUE,,,
184a9768,evaluation,"(3, 1)",FALSE,TRUE,FALSE,FALSE,,,
195ba7dc,evaluation,"(4, 1)",FALSE,FALSE,FALSE,FALSE,,,
1990f7a8,evaluation,"(3, 1)",FALSE,FALSE,FALSE,TRUE,,,
19bb5feb,evaluation,"(3, 1)",FALSE,FALSE,FALSE,FALSE,,,
1a2e2828,evaluation,"(5, 1)",FALSE,FALSE,FALSE,FALSE,,,
1a6449f1,evaluation,"(3, 1)",FALSE,FALSE,FALSE,FALSE,,,
1acc24af,evaluation,"(4, 1)",TRUE,TRUE,FALSE,FALSE,,,
1c02dbbe,evaluation,"(3, 1)",FALSE,TRUE,FALSE,TRUE,,,
1c0d0a4b,evaluation,"(3, 1)",FALSE,TRUE,FALSE,FALSE,,,
1c56ad9f,evaluation,"(4, 1)",FALSE,TRUE,FALSE,TRUE,,,
1d0a4b61,evaluation,"(3, 1)",FALSE,TRUE,FALSE,FALSE,,,
1d398264,evaluation,"(3, 2)",FALSE,TRUE,FALSE,TRUE,,,
1da012fc,evaluation,"(2, 1)",TRUE,TRUE,FALSE,FALSE,,,
1e81d6f9,evaluation,"(3, 1)",FALSE,TRUE,FALSE,TRUE,,,
1e97544e,evaluation,"(3, 1)",FALSE,TRUE,FALSE,FALSE,,,
2037f2c7,evaluation,"(3, 1)",FALSE,FALSE,FALSE,FALSE,,,
2072aba6,evaluation,"(3, 1)",FALSE,FALSE,FALSE,FALSE,,,
2.08E+20,evaluation,"(3, 1)",FALSE,FALSE,FALSE,FALSE,,,
20981f0e,evaluation,"(3, 1)",FALSE,TRUE,FALSE,TRUE,,,
212895b5,evaluation,"(3, 1)",FALSE,TRUE,FALSE,FALSE,,,
21f83797,evaluation,"(2, 1)",FALSE,TRUE,FALSE,FALSE,,,
22a4bbc2,evaluation,"(4, 1)",TRUE,TRUE,FALSE,FALSE,,,
25094a63,evaluation,"(2, 1)",TRUE,TRUE,FALSE,FALSE,,,
2546ccf6,evaluation,"(2, 1)",FALSE,TRUE,FALSE,TRUE,,,
256b0a75,evaluation,"(3, 1)",FALSE,TRUE,FALSE,TRUE,,,
2685904e,evaluation,"(6, 1)",FALSE,TRUE,FALSE,TRUE,,,
2697da3f,evaluation,"(4, 1)",FALSE,FALSE,FALSE,TRUE,,,
2753e76c,evaluation,"(3, 1)",FALSE,FALSE,FALSE,TRUE,,,
27a77e38,evaluation,"(3, 1)",FALSE,TRUE,FALSE,TRUE,,,
27f8ce4f,evaluation,"(4, 1)",FALSE,FALSE,FALSE,FALSE,,,
281123b4,evaluation,"(6, 1)",FALSE,FALSE,FALSE,FALSE,,,
292dd178,evaluation,"(3, 1)",TRUE,TRUE,FALSE,FALSE,,,
29700607,evaluation,"(3, 1)",FALSE,TRUE,FALSE,TRUE,,,
2a5f8217,evaluation,"(3, 1)",TRUE,TRUE,FALSE,FALSE,,,
2b01abd0,evaluation,"(3, 1)",FALSE,TRUE,FALSE,TRUE,,,
2c0b0aff,evaluation,"(4, 1)",FALSE,FALSE,FALSE,FALSE,,,
2c737e39,evaluation,"(3, 1)",FALSE,TRUE,FALSE,TRUE,,,
2f0c5170,evaluation,"(3, 1)",FALSE,FALSE,FALSE,FALSE,,,
310f3251,evaluation,"(4, 1)",FALSE,FALSE,FALSE,FALSE,,,
3194b014,evaluation,"(3, 1)",FALSE,FALSE,FALSE,FALSE,,,
319f2597,evaluation,"(3, 1)",FALSE,TRUE,FALSE,TRUE,,,
31adaf00,evaluation,"(3, 1)",FALSE,TRUE,FALSE,FALSE,,,
31d5ba1a,evaluation,"(5, 2)",FALSE,FALSE,FALSE,FALSE,,,
32e9702f,evaluation,"(3, 1)",FALSE,TRUE,FALSE,FALSE,,,
332efdb3,evaluation,"(3, 1)",FALSE,TRUE,FALSE,FALSE,,,
3391f8c0,evaluation,"(4, 1)",FALSE,TRUE,FALSE,TRUE,,,
33b52de3,evaluation,"(2, 1)",TRUE,TRUE,FALSE,FALSE,,,
3490cc26,evaluation,"(4, 1)",FALSE,TRUE,FALSE,FALSE,,,
34b99a2b,evaluation,"(4, 1)",FALSE,FALSE,FALSE,FALSE,,,
351d6448,evaluation,"(2, 1)",FALSE,FALSE,FALSE,FALSE,,,
358ba94e,evaluation,"(4, 1)",FALSE,FALSE,FALSE,TRUE,,,
37d3e8b2,evaluation,"(3, 1)",TRUE,TRUE,FALSE,FALSE,,,
3979b1a8,evaluation,"(2, 1)",FALSE,FALSE,FALSE,TRUE,,,
3a301edc,evaluation,"(5, 1)",FALSE,TRUE,FALSE,TRUE,,,
3b4c2228,evaluation,"(5, 2)",FALSE,FALSE,FALSE,FALSE,,,
3d31c5b3,evaluation,"(6, 1)",FALSE,FALSE,FALSE,FALSE,,,
3ed85e70,evaluation,"(3, 1)",FALSE,TRUE,FALSE,TRUE,,,
3ee1011a,evaluation,"(3, 1)",FALSE,FALSE,FALSE,FALSE,,,
3f23242b,evaluation,"(2, 1)",FALSE,TRUE,FALSE,FALSE,,,
40f6cd08,evaluation,"(3, 1)",TRUE,TRUE,FALSE,TRUE,,,
414297c0,evaluation,"(3, 1)",FALSE,FALSE,FALSE,FALSE,,,
423a55dc,evaluation,"(5, 1)",FALSE,TRUE,FALSE,TRUE,,,
42918530,evaluation,"(4, 1)",FALSE,TRUE,FALSE,TRUE,,,
42a15761,evaluation,"(3, 1)",FALSE,TRUE,FALSE,TRUE,,,
4364c1c4,evaluation,"(3, 1)",TRUE,TRUE,FALSE,TRUE,,,
456873bc,evaluation,"(3, 1)",FALSE,TRUE,FALSE,FALSE,,,
45737921,evaluation,"(3, 1)",TRUE,TRUE,FALSE,TRUE,,,
45bbe264,evaluation,"(3, 1)",FALSE,TRUE,FALSE,FALSE,,,
477d2879,evaluation,"(3, 1)",FALSE,TRUE,FALSE,FALSE,,,
47996f11,evaluation,"(4, 1)",TRUE,TRUE,FALSE,FALSE,,,
48131b3c,evaluation,"(3, 1)",FALSE,FALSE,FALSE,TRUE,,,
4852f2fa,evaluation,"(5, 2)",FALSE,FALSE,FALSE,FALSE,,,
48f8583b,evaluation,"(6, 1)",FALSE,FALSE,FALSE,FALSE,,,
4aab4007,evaluation,"(3, 1)",FALSE,TRUE,FALSE,FALSE,,,
4acc7107,evaluation,"(4, 1)",FALSE,TRUE,FALSE,TRUE,,,
4b6b68e5,evaluation,"(3, 1)",FALSE,TRUE,FALSE,FALSE,,,
4c177718,evaluation,"(4, 2)",FALSE,FALSE,FALSE,FALSE,,,
4cd1b7b2,evaluation,"(3, 1)",FALSE,TRUE,FALSE,FALSE,,,
4e45f183,evaluation,"(3, 1)",TRUE,TRUE,FALSE,TRUE,,,
4e469f39,evaluation,"(3, 1)",FALSE,TRUE,FALSE,FALSE,,,
4f537728,evaluation,"(2, 1)",TRUE,TRUE,FALSE,TRUE,,,
4ff4c9da,evaluation,"(3, 1)",TRUE,TRUE,FALSE,TRUE,,,
505fff84,evaluation,"(5, 1)",FALSE,FALSE,FALSE,FALSE,,,
506d28a5,evaluation,"(4, 1)",FALSE,FALSE,FALSE,FALSE,,,
50a16a69,evaluation,"(3, 1)",TRUE,TRUE,FALSE,FALSE,,,
50aad11f,evaluation,"(3, 1)",FALSE,FALSE,FALSE,FALSE,,,
50f325b5,evaluation,"(4, 1)",TRUE,TRUE,FALSE,TRUE,,,
516b51b7,evaluation,"(3, 1)",TRUE,TRUE,FALSE,FALSE,,,
5207a7b5,evaluation,"(3, 1)",FALSE,TRUE,FALSE,FALSE,,,
5289ad53,evaluation,"(4, 1)",FALSE,FALSE,FALSE,FALSE,,,
52fd389e,evaluation,"(3, 1)",FALSE,TRUE,FALSE,TRUE,,,
54db823b,evaluation,"(4, 1)",FALSE,TRUE,FALSE,TRUE,https://www.kaggle.com/c/abstraction-and-reasoning-challenge/discussion/131021,,TRUE
55059096,evaluation,"(3, 1)",FALSE,TRUE,FALSE,FALSE,,,
551d5bf1,evaluation,"(2, 1)",FALSE,TRUE,FALSE,FALSE,,,
55783887,evaluation,"(5, 1)",TRUE,TRUE,FALSE,TRUE,,,
575b1a71,evaluation,"(3, 1)",FALSE,TRUE,FALSE,FALSE,,,
5783df64,evaluation,"(3, 1)",FALSE,FALSE,FALSE,FALSE,,,
5833af48,evaluation,"(3, 1)",FALSE,FALSE,FALSE,FALSE,,,
58743b76,evaluation,"(2, 1)",TRUE,TRUE,FALSE,TRUE,,,
58e15b12,evaluation,"(3, 1)",FALSE,TRUE,FALSE,FALSE,,,
59341089,evaluation,"(4, 1)",FALSE,FALSE,FALSE,TRUE,,,
5a5a2103,evaluation,"(2, 1)",FALSE,TRUE,FALSE,FALSE,,,
5af49b42,evaluation,"(3, 1)",FALSE,TRUE,FALSE,TRUE,,,
5b526a93,evaluation,"(2, 1)",FALSE,TRUE,FALSE,FALSE,,,
5b692c0f,evaluation,"(2, 1)",FALSE,TRUE,FALSE,TRUE,,,
5b6cbef5,evaluation,"(5, 1)",FALSE,FALSE,FALSE,TRUE,,,
5d2a5c43,evaluation,"(5, 2)",FALSE,FALSE,FALSE,FALSE,,,
5ffb2104,evaluation,"(3, 1)",FALSE,TRUE,FALSE,TRUE,,,
604001fa,evaluation,"(4, 1)",FALSE,TRUE,FALSE,FALSE,,,
60a26a3e,evaluation,"(3, 1)",FALSE,TRUE,FALSE,FALSE,,,
60c09cac,evaluation,"(2, 1)",FALSE,FALSE,FALSE,TRUE,,,
626c0bcc,evaluation,"(3, 1)",TRUE,TRUE,FALSE,FALSE,,,
62ab2642,evaluation,"(3, 1)",FALSE,TRUE,FALSE,FALSE,,,
62b74c02,evaluation,"(3, 1)",FALSE,TRUE,FALSE,FALSE,,,
639f5a19,evaluation,"(2, 1)",TRUE,TRUE,FALSE,FALSE,,,
6.42E+09,evaluation,"(3, 1)",FALSE,TRUE,FALSE,TRUE,,,
642d658d,evaluation,"(3, 1)",FALSE,FALSE,FALSE,FALSE,,,
64a7c07e,evaluation,"(3, 1)",FALSE,TRUE,FALSE,TRUE,,,
66e6c45b,evaluation,"(2, 1)",FALSE,TRUE,FALSE,TRUE,,,
66f2d22f,evaluation,"(4, 1)",FALSE,FALSE,FALSE,FALSE,,,
67636eac,evaluation,"(3, 1)",FALSE,FALSE,FALSE,TRUE,,,
67b4a34d,evaluation,"(3, 1)",FALSE,FALSE,FALSE,FALSE,,,
67c52801,evaluation,"(4, 1)",FALSE,TRUE,FALSE,TRUE,,,
68b67ca3,evaluation,"(3, 1)",FALSE,FALSE,FALSE,TRUE,,,
692cd3b6,evaluation,"(3, 1)",FALSE,TRUE,FALSE,FALSE,,,
695367ec,evaluation,"(3, 1)",FALSE,FALSE,FALSE,FALSE,,,
696d4842,evaluation,"(3, 1)",FALSE,TRUE,FALSE,TRUE,,,
69889d6e,evaluation,"(4, 1)",FALSE,TRUE,FALSE,TRUE,,,
6a11f6da,evaluation,"(5, 1)",FALSE,FALSE,FALSE,TRUE,,,
6ad5bdfd,evaluation,"(3, 1)",FALSE,TRUE,FALSE,TRUE,,,
6df30ad6,evaluation,"(5, 1)",FALSE,TRUE,FALSE,FALSE,,,
6ea4a07e,evaluation,"(6, 2)",FALSE,TRUE,FALSE,FALSE,,,
6f473927,evaluation,"(4, 1)",FALSE,FALSE,FALSE,FALSE,,,
7039b2d7,evaluation,"(3, 1)",FALSE,FALSE,FALSE,FALSE,,,
705a3229,evaluation,"(4, 1)",FALSE,TRUE,FALSE,TRUE,,,
712bf12e,evaluation,"(3, 1)",FALSE,TRUE,FALSE,TRUE,,,
72207abc,evaluation,"(3, 1)",FALSE,TRUE,FALSE,TRUE,,,
72a961c9,evaluation,"(4, 1)",FALSE,TRUE,FALSE,TRUE,,,
73182012,evaluation,"(3, 1)",FALSE,FALSE,FALSE,TRUE,,,
73c3b0d8,evaluation,"(4, 1)",FALSE,TRUE,FALSE,TRUE,,,
73ccf9c2,evaluation,"(3, 1)",FALSE,FALSE,FALSE,TRUE,,,
759f3fd3,evaluation,"(2, 1)",FALSE,TRUE,FALSE,FALSE,,,
762cd429,evaluation,"(3, 1)",FALSE,TRUE,FALSE,TRUE,,,
770cc55f,evaluation,"(4, 1)",FALSE,TRUE,FALSE,FALSE,,,
782b5218,evaluation,"(3, 1)",FALSE,TRUE,FALSE,TRUE,,,
79369cc6,evaluation,"(3, 1)",FALSE,TRUE,FALSE,TRUE,,,
7953d61e,evaluation,"(5, 1)",FALSE,FALSE,FALSE,TRUE,,,
79fb03f4,evaluation,"(6, 1)",FALSE,TRUE,FALSE,TRUE,,,
7bb29440,evaluation,"(5, 1)",FALSE,FALSE,FALSE,FALSE,,,
7c8af763,evaluation,"(3, 1)",FALSE,TRUE,FALSE,FALSE,,,
7c9b52a0,evaluation,"(3, 1)",FALSE,FALSE,FALSE,FALSE,,,
7d18a6fb,evaluation,"(3, 1)",FALSE,FALSE,FALSE,FALSE,,,
7d1f7ee8,evaluation,"(3, 1)",TRUE,TRUE,FALSE,FALSE,,,
7d419a02,evaluation,"(3, 1)",TRUE,TRUE,FALSE,FALSE,,,
7e02026e,evaluation,"(3, 1)",FALSE,TRUE,FALSE,FALSE,,,
7ee1c6ea,evaluation,"(3, 1)",TRUE,TRUE,FALSE,TRUE,,,
817e6c09,evaluation,"(5, 1)",TRUE,TRUE,FALSE,FALSE,,,
81c0276b,evaluation,"(3, 1)",FALSE,FALSE,FALSE,FALSE,,,
833dafe3,evaluation,"(2, 1)",FALSE,FALSE,FALSE,TRUE,,,
845d6e51,evaluation,"(3, 1)",TRUE,TRUE,FALSE,FALSE,,,
84db8fc4,evaluation,"(4, 1)",FALSE,TRUE,FALSE,FALSE,,,
84f2aca1,evaluation,"(4, 1)",FALSE,TRUE,FALSE,FALSE,,,
8597cfd7,evaluation,"(4, 1)",FALSE,FALSE,FALSE,FALSE,,,
85b81ff1,evaluation,"(4, 1)",FALSE,TRUE,FALSE,TRUE,,,
85fa5666,evaluation,"(4, 1)",FALSE,TRUE,FALSE,TRUE,,,
8719f442,evaluation,"(3, 1)",FALSE,FALSE,FALSE,TRUE,,,
88207623,evaluation,"(2, 1)",FALSE,TRUE,FALSE,TRUE,,,
891232d6,evaluation,"(4, 1)",FALSE,TRUE,FALSE,FALSE,,,
896d5239,evaluation,"(3, 1)",FALSE,TRUE,FALSE,FALSE,,,
8a371977,evaluation,"(3, 1)",FALSE,TRUE,FALSE,FALSE,,,
8b28cd80,evaluation,"(5, 2)",FALSE,FALSE,FALSE,TRUE,,,
8ba14f53,evaluation,"(6, 1)",FALSE,FALSE,FALSE,TRUE,,,
8cb8642d,evaluation,"(3, 1)",FALSE,TRUE,FALSE,TRUE,,,
8dae5dfc,evaluation,"(4, 1)",TRUE,TRUE,FALSE,TRUE,,,
8e2edd66,evaluation,"(3, 1)",FALSE,FALSE,FALSE,TRUE,,,
8ee62060,evaluation,"(3, 1)",FALSE,TRUE,FALSE,TRUE,,,
8fbca751,evaluation,"(3, 1)",FALSE,TRUE,FALSE,FALSE,,,
90347967,evaluation,"(3, 1)",FALSE,TRUE,FALSE,TRUE,,,
903d1b4a,evaluation,"(4, 1)",TRUE,TRUE,FALSE,FALSE,,,
9110e3c5,evaluation,"(7, 2)",FALSE,FALSE,FALSE,FALSE,,,
917bccba,evaluation,"(3, 1)",FALSE,TRUE,FALSE,TRUE,,,
929ab4e9,evaluation,"(4, 1)",TRUE,TRUE,FALSE,FALSE,,,
92e50de0,evaluation,"(3, 1)",FALSE,TRUE,FALSE,TRUE,,,
9356391f,evaluation,"(2, 1)",FALSE,TRUE,FALSE,TRUE,,,
93b4f4b3,evaluation,"(2, 1)",FALSE,FALSE,FALSE,FALSE,,,
93c31fbe,evaluation,"(3, 1)",FALSE,TRUE,FALSE,TRUE,,,
94133066,evaluation,"(3, 1)",FALSE,FALSE,FALSE,FALSE,,,
94414823,evaluation,"(3, 1)",FALSE,TRUE,FALSE,TRUE,,,
94be5b80,evaluation,"(2, 1)",FALSE,TRUE,FALSE,TRUE,,,
95a58926,evaluation,"(3, 1)",FALSE,TRUE,FALSE,TRUE,,,
963f59bc,evaluation,"(4, 1)",FALSE,TRUE,FALSE,TRUE,,,
96a8c0cd,evaluation,"(4, 1)",FALSE,TRUE,FALSE,TRUE,,,
97239e3d,evaluation,"(3, 1)",FALSE,TRUE,FALSE,TRUE,,,
9772c176,evaluation,"(2, 1)",FALSE,TRUE,FALSE,FALSE,,,
981571dc,evaluation,"(4, 1)",FALSE,TRUE,FALSE,FALSE,,,
992798f6,evaluation,"(4, 1)",FALSE,TRUE,FALSE,FALSE,,,
99306f82,evaluation,"(3, 1)",FALSE,TRUE,FALSE,TRUE,,,
9a4bb226,evaluation,"(3, 1)",FALSE,FALSE,FALSE,FALSE,,,
9b2a60aa,evaluation,"(3, 1)",FALSE,TRUE,FALSE,TRUE,,,
9b365c51,evaluation,"(3, 1)",FALSE,TRUE,FALSE,FALSE,,,
9b4c17c4,evaluation,"(4, 2)",TRUE,TRUE,FALSE,TRUE,,,
9bebae7a,evaluation,"(5, 1)",FALSE,TRUE,FALSE,FALSE,,,
9c1e755f,evaluation,"(4, 1)",FALSE,TRUE,FALSE,TRUE,,,
9c56f360,evaluation,"(3, 1)",FALSE,TRUE,FALSE,TRUE,,,
9caba7c3,evaluation,"(3, 1)",TRUE,TRUE,FALSE,FALSE,,,
9ddd00f0,evaluation,"(2, 1)",FALSE,TRUE,FALSE,TRUE,,,
9def23fe,evaluation,"(3, 1)",FALSE,TRUE,FALSE,TRUE,,,
9f27f097,evaluation,"(3, 1)",FALSE,TRUE,FALSE,FALSE,,,
a04b2602,evaluation,"(3, 1)",FALSE,TRUE,FALSE,FALSE,,,
a096bf4d,evaluation,"(3, 1)",TRUE,TRUE,FALSE,TRUE,,,
a3f84088,evaluation,"(4, 1)",FALSE,TRUE,FALSE,FALSE,,,
a406ac07,evaluation,"(3, 1)",FALSE,TRUE,FALSE,TRUE,,,
a57f2f04,evaluation,"(3, 1)",FALSE,TRUE,FALSE,TRUE,,,
a59b95c0,evaluation,"(5, 1)",FALSE,FALSE,FALSE,TRUE,,,
a680ac02,evaluation,"(3, 1)",FALSE,FALSE,FALSE,FALSE,,,
a8610ef7,evaluation,"(4, 1)",TRUE,TRUE,FALSE,FALSE,https://www.kaggle.com/c/abstraction-and-reasoning-challenge/discussion/131021,,TRUE
a934301b,evaluation,"(3, 1)",FALSE,TRUE,FALSE,TRUE,,,
aa18de87,evaluation,"(4, 1)",FALSE,TRUE,FALSE,FALSE,,,
aa300dc3,evaluation,"(4, 1)",FALSE,TRUE,FALSE,FALSE,,,
aa4ec2a5,evaluation,"(3, 1)",TRUE,TRUE,FALSE,FALSE,,,
aab50785,evaluation,"(5, 1)",FALSE,FALSE,FALSE,FALSE,,,
ac0c5833,evaluation,"(3, 1)",FALSE,TRUE,FALSE,TRUE,,,
ac2e8ecf,evaluation,"(3, 1)",FALSE,TRUE,FALSE,TRUE,,,
ac3e2b04,evaluation,"(4, 1)",FALSE,TRUE,FALSE,FALSE,,,
ac605cbb,evaluation,"(6, 1)",FALSE,TRUE,FALSE,FALSE,,,
ad7e01d0,evaluation,"(4, 1)",FALSE,FALSE,FALSE,FALSE,,,
ae58858e,evaluation,"(4, 1)",TRUE,TRUE,FALSE,FALSE,,,
aee291af,evaluation,"(3, 1)",FALSE,FALSE,FALSE,FALSE,,,
af22c60d,evaluation,"(4, 1)",FALSE,TRUE,FALSE,FALSE,,,
af24b4cc,evaluation,"(3, 1)",FALSE,FALSE,FALSE,FALSE,,,
b0722778,evaluation,"(2, 1)",FALSE,FALSE,FALSE,FALSE,,,
b0f4d537,evaluation,"(4, 1)",FALSE,FALSE,FALSE,FALSE,,,
b15fca0b,evaluation,"(5, 1)",FALSE,TRUE,FALSE,FALSE,,,
b1fc8b8e,evaluation,"(5, 2)",FALSE,FALSE,FALSE,TRUE,,,
b20f7c8b,evaluation,"(3, 1)",TRUE,TRUE,FALSE,FALSE,,,
b457fec5,evaluation,"(3, 1)",TRUE,TRUE,FALSE,FALSE,,,
b4a43f3b,evaluation,"(4, 1)",FALSE,FALSE,FALSE,FALSE,,,
b7999b51,evaluation,"(3, 1)",FALSE,FALSE,FALSE,TRUE,,,
b7cb93ac,evaluation,"(3, 1)",FALSE,FALSE,FALSE,FALSE,,,
b7f8a4d8,evaluation,"(3, 1)",FALSE,TRUE,FALSE,TRUE,,,
b7fb29bc,evaluation,"(3, 1)",FALSE,TRUE,FALSE,FALSE,,,
b942fd60,evaluation,"(6, 1)",FALSE,TRUE,FALSE,TRUE,,,
b9630600,evaluation,"(3, 1)",FALSE,TRUE,FALSE,TRUE,,,
ba9d41b8,evaluation,"(3, 1)",FALSE,TRUE,FALSE,TRUE,,,
baf41dbf,evaluation,"(3, 1)",FALSE,TRUE,FALSE,TRUE,,,
bb52a14b,evaluation,"(3, 1)",FALSE,TRUE,FALSE,TRUE,,,
bbb1b8b6,evaluation,"(7, 2)",FALSE,FALSE,FALSE,FALSE,,,
bc4146bd,evaluation,"(4, 1)",FALSE,FALSE,FALSE,TRUE,,,
bcb3040b,evaluation,"(3, 1)",FALSE,TRUE,FALSE,FALSE,,,
bd14c3bf,evaluation,"(3, 1)",TRUE,TRUE,FALSE,TRUE,https://www.kaggle.com/c/abstraction-and-reasoning-challenge/discussion/131021,,TRUE
be03b35f,evaluation,"(3, 1)",FALSE,FALSE,FALSE,FALSE,,,
bf32578f,evaluation,"(3, 1)",FALSE,TRUE,FALSE,TRUE,,,
bf699163,evaluation,"(2, 1)",FALSE,FALSE,FALSE,FALSE,,,
bf89d739,evaluation,"(4, 1)",FALSE,TRUE,FALSE,FALSE,,,
c074846d,evaluation,"(5, 2)",FALSE,TRUE,FALSE,FALSE,,,
c1990cce,evaluation,"(3, 1)",FALSE,FALSE,FALSE,FALSE,,,
c3202e5a,evaluation,"(3, 1)",FALSE,FALSE,FALSE,FALSE,,,
c35c1b4c,evaluation,"(3, 1)",FALSE,TRUE,FALSE,TRUE,,,
c48954c1,evaluation,"(3, 1)",FALSE,FALSE,FALSE,TRUE,,,
c62e2108,evaluation,"(3, 1)",FALSE,TRUE,FALSE,FALSE,,,
c64f1187,evaluation,"(2, 1)",FALSE,FALSE,FALSE,FALSE,,,
c658a4bd,evaluation,"(2, 1)",FALSE,FALSE,FALSE,FALSE,,,
c663677b,evaluation,"(3, 1)",FALSE,TRUE,FALSE,FALSE,,,
c6e1b8da,evaluation,"(3, 1)",FALSE,TRUE,FALSE,TRUE,,,
c7d4e6ad,evaluation,"(2, 1)",TRUE,TRUE,FALSE,FALSE,,,
c87289bb,evaluation,"(4, 1)",FALSE,TRUE,FALSE,TRUE,,,
c8b7cc0f,evaluation,"(3, 1)",FALSE,FALSE,FALSE,FALSE,,,
c92b942c,evaluation,"(4, 1)",FALSE,FALSE,FALSE,FALSE,,,
c97c0139,evaluation,"(2, 1)",FALSE,TRUE,FALSE,FALSE,,,
ca8de6ea,evaluation,"(3, 1)",FALSE,FALSE,FALSE,FALSE,,,
ca8f78db,evaluation,"(3, 1)",FALSE,TRUE,FALSE,FALSE,,,
cad67732,evaluation,"(3, 1)",FALSE,FALSE,FALSE,TRUE,,,
cb227835,evaluation,"(3, 1)",FALSE,TRUE,FALSE,FALSE,,,
ccd554ac,evaluation,"(6, 1)",FALSE,FALSE,FALSE,TRUE,,,
cd3c21df,evaluation,"(3, 1)",FALSE,FALSE,FALSE,FALSE,,,
ce039d91,evaluation,"(4, 1)",TRUE,TRUE,FALSE,FALSE,,,
ce8d95cc,evaluation,"(4, 1)",FALSE,FALSE,FALSE,TRUE,,,
cf133acc,evaluation,"(3, 1)",FALSE,TRUE,FALSE,TRUE,,,
cfb2ce5a,evaluation,"(3, 1)",FALSE,TRUE,FALSE,TRUE,,,
d017b73f,evaluation,"(4, 1)",FALSE,FALSE,FALSE,TRUE,,,
d19f7514,evaluation,"(4, 1)",FALSE,FALSE,FALSE,FALSE,,,
d282b262,evaluation,"(3, 1)",FALSE,TRUE,FALSE,TRUE,,,
d2acf2cb,evaluation,"(3, 1)",FALSE,TRUE,FALSE,FALSE,,,
d304284e,evaluation,"(2, 1)",FALSE,TRUE,FALSE,FALSE,,,
d37a1ef5,evaluation,"(3, 1)",FALSE,TRUE,FALSE,TRUE,,,
d47aa2ff,evaluation,"(3, 1)",FALSE,FALSE,FALSE,FALSE,,,
d492a647,evaluation,"(2, 1)",FALSE,TRUE,FALSE,TRUE,,,
d4b1c2b1,evaluation,"(7, 1)",FALSE,FALSE,FALSE,TRUE,,,
d4c90558,evaluation,"(3, 1)",FALSE,FALSE,FALSE,FALSE,,,
d56f2372,evaluation,"(3, 1)",FALSE,FALSE,FALSE,FALSE,,,
d5c634a2,evaluation,"(7, 2)",FALSE,FALSE,FALSE,FALSE,,,
d931c21c,evaluation,"(4, 1)",FALSE,TRUE,FALSE,FALSE,,,
d94c3b52,evaluation,"(3, 1)",TRUE,TRUE,FALSE,FALSE,,,
da2b0fe3,evaluation,"(3, 2)",FALSE,TRUE,FALSE,FALSE,,,
da515329,evaluation,"(3, 1)",FALSE,TRUE,FALSE,TRUE,,,
dc2aa30b,evaluation,"(3, 1)",TRUE,TRUE,FALSE,TRUE,,,
dc2e9a9d,evaluation,"(3, 1)",FALSE,TRUE,FALSE,FALSE,,,
dd2401ed,evaluation,"(4, 1)",FALSE,TRUE,FALSE,TRUE,,,
de493100,evaluation,"(4, 1)",FALSE,FALSE,FALSE,FALSE,,,
df8cc377,evaluation,"(3, 1)",FALSE,TRUE,FALSE,TRUE,,,
e0fb7511,evaluation,"(3, 1)",FALSE,TRUE,FALSE,FALSE,,,
e133d23d,evaluation,"(5, 1)",FALSE,FALSE,FALSE,FALSE,,,
e1baa8a4,evaluation,"(4, 1)",FALSE,FALSE,FALSE,TRUE,,,
e1d2900e,evaluation,"(3, 1)",FALSE,TRUE,FALSE,TRUE,,,
e2092e0c,evaluation,"(3, 1)",FALSE,TRUE,FALSE,TRUE,,,
e21a174a,evaluation,"(3, 2)",FALSE,TRUE,FALSE,TRUE,,,
e345f17b,evaluation,"(4, 2)",FALSE,FALSE,FALSE,FALSE,,,
e4075551,evaluation,"(3, 1)",FALSE,TRUE,FALSE,FALSE,,,
e41c6fd3,evaluation,"(3, 1)",FALSE,TRUE,FALSE,TRUE,,,
e57337a4,evaluation,"(3, 1)",FALSE,FALSE,FALSE,TRUE,,,
e5790162,evaluation,"(5, 1)",FALSE,TRUE,FALSE,TRUE,,,
e5c44e8f,evaluation,"(3, 1)",FALSE,TRUE,FALSE,TRUE,,,
e619ca6e,evaluation,"(3, 1)",FALSE,TRUE,FALSE,TRUE,,,
e633a9e5,evaluation,"(3, 1)",FALSE,FALSE,FALSE,TRUE,,,
e66aafb8,evaluation,"(5, 1)",FALSE,FALSE,FALSE,FALSE,,,
e681b708,evaluation,"(3, 1)",TRUE,TRUE,FALSE,TRUE,,,
e69241bd,evaluation,"(3, 1)",FALSE,TRUE,FALSE,TRUE,,,
e6de6e8f,evaluation,"(4, 1)",FALSE,FALSE,FALSE,FALSE,,,
e74e1818,evaluation,"(3, 1)",FALSE,TRUE,FALSE,TRUE,,,
e760a62e,evaluation,"(3, 1)",FALSE,TRUE,FALSE,FALSE,,,
e7639916,evaluation,"(3, 1)",FALSE,TRUE,FALSE,FALSE,,,
e78887d1,evaluation,"(4, 1)",FALSE,FALSE,FALSE,TRUE,,,
e7a25a18,evaluation,"(2, 1)",FALSE,FALSE,FALSE,FALSE,,,
e7b06bea,evaluation,"(5, 1)",FALSE,TRUE,FALSE,FALSE,,,
e7dd8335,evaluation,"(3, 1)",TRUE,TRUE,FALSE,FALSE,,,
e872b94a,evaluation,"(4, 1)",FALSE,FALSE,FALSE,FALSE,,,
e88171ec,evaluation,"(3, 1)",FALSE,TRUE,FALSE,FALSE,,,
e95e3d8e,evaluation,"(3, 1)",FALSE,TRUE,FALSE,FALSE,,,
e99362f0,evaluation,"(6, 1)",FALSE,FALSE,FALSE,FALSE,,,
e9ac8c9e,evaluation,"(3, 1)",FALSE,TRUE,FALSE,FALSE,,,
e9b4f6fc,evaluation,"(4, 1)",FALSE,FALSE,FALSE,FALSE,,,
e9bb6954,evaluation,"(4, 1)",FALSE,TRUE,FALSE,FALSE,,,
e9c9d9a1,evaluation,"(3, 1)",FALSE,TRUE,FALSE,FALSE,,,
ea959feb,evaluation,"(3, 1)",TRUE,TRUE,FALSE,TRUE,,,
ea9794b1,evaluation,"(6, 1)",FALSE,FALSE,FALSE,FALSE,,,
ecaa0ec1,evaluation,"(4, 1)",FALSE,TRUE,FALSE,TRUE,,,
ed74f2f2,evaluation,"(6, 1)",FALSE,FALSE,FALSE,FALSE,,,
ed98d772,evaluation,"(5, 1)",FALSE,FALSE,FALSE,TRUE,,,
ef26cbf6,evaluation,"(2, 1)",TRUE,TRUE,FALSE,FALSE,,,
f0afb749,evaluation,"(3, 1)",FALSE,FALSE,FALSE,FALSE,,,
f0df5ff0,evaluation,"(3, 1)",FALSE,TRUE,FALSE,TRUE,,,
f21745ec,evaluation,"(3, 1)",FALSE,TRUE,FALSE,FALSE,,,
f3b10344,evaluation,"(3, 1)",FALSE,TRUE,FALSE,FALSE,,,
f3cdc58f,evaluation,"(3, 1)",FALSE,TRUE,FALSE,TRUE,,,
f3e62deb,evaluation,"(6, 2)",FALSE,TRUE,FALSE,TRUE,,,
f4081712,evaluation,"(5, 1)",FALSE,FALSE,FALSE,FALSE,,,
f45f5ca7,evaluation,"(3, 1)",FALSE,TRUE,FALSE,TRUE,,,
f5aa3634,evaluation,"(3, 1)",FALSE,FALSE,FALSE,FALSE,,,
f5c89df1,evaluation,"(3, 1)",FALSE,TRUE,FALSE,FALSE,,,
f823c43c,evaluation,"(2, 1)",TRUE,TRUE,FALSE,FALSE,,,
f83cb3f6,evaluation,"(3, 1)",FALSE,TRUE,FALSE,TRUE,,,
f8be4b64,evaluation,"(4, 1)",FALSE,TRUE,FALSE,TRUE,https://www.kaggle.com/c/abstraction-and-reasoning-challenge/discussion/131021,,TRUE
f9a67cb5,evaluation,"(3, 1)",FALSE,TRUE,FALSE,TRUE,,,
f9d67f8b,evaluation,"(4, 1)",TRUE,TRUE,FALSE,FALSE,,,
fafd9572,evaluation,"(2, 1)",TRUE,TRUE,FALSE,FALSE,,,
fb791726,evaluation,"(3, 1)",FALSE,FALSE,FALSE,FALSE,,,
fc754716,evaluation,"(4, 1)",FALSE,TRUE,FALSE,TRUE,,,
fd096ab6,evaluation,"(2, 1)",TRUE,TRUE,FALSE,TRUE,,,
fd4b2b02,evaluation,"(3, 1)",FALSE,TRUE,FALSE,FALSE,,,
fe9372f3,evaluation,"(2, 1)",FALSE,TRUE,FALSE,FALSE,,,
fea12743,evaluation,"(3, 1)",TRUE,TRUE,FALSE,FALSE,https://www.kaggle.com/c/abstraction-and-reasoning-challenge/discussion/131021,,TRUE
ff72ca3e,evaluation,"(4, 1)",FALSE,TRUE,FALSE,FALSE,,,
576224,test,"(2, 1)",FALSE,FALSE,FALSE,TRUE,,,
009d5c81,test,"(5, 1)",FALSE,TRUE,FALSE,FALSE,,,
00dbd492,test,"(4, 1)",FALSE,TRUE,FALSE,FALSE,,,
3560426,test,"(3, 1)",FALSE,TRUE,FALSE,TRUE,,,
05a7bcf2,test,"(3, 1)",FALSE,TRUE,FALSE,FALSE,,,
0607ce86,test,"(3, 1)",FALSE,TRUE,FALSE,TRUE,,,
0692e18c,test,"(3, 1)",FALSE,FALSE,FALSE,TRUE,,,
070dd51e,test,"(2, 1)",FALSE,TRUE,FALSE,TRUE,,,
08573cc6,test,"(3, 1)",FALSE,TRUE,FALSE,TRUE,,,
0934a4d8,test,"(4, 1)",FALSE,FALSE,FALSE,FALSE,,,
09c534e7,test,"(3, 1)",TRUE,TRUE,FALSE,TRUE,,,
0a1d4ef5,test,"(3, 1)",FALSE,FALSE,FALSE,FALSE,,,
0a2355a6,test,"(4, 1)",TRUE,TRUE,FALSE,FALSE,,,
0b17323b,test,"(2, 1)",FALSE,TRUE,FALSE,FALSE,,,
0bb8deee,test,"(3, 1)",FALSE,FALSE,FALSE,FALSE,,,
0becf7df,test,"(3, 1)",TRUE,TRUE,FALSE,TRUE,,,
0c786b71,test,"(3, 1)",FALSE,FALSE,FALSE,TRUE,,,
0c9aba6e,test,"(4, 1)",FALSE,FALSE,FALSE,FALSE,,,
0d87d2a6,test,"(3, 1)",FALSE,TRUE,FALSE,TRUE,,,
0e671a1a,test,"(4, 1)",FALSE,TRUE,FALSE,FALSE,,,
0f63c0b9,test,"(4, 1)",FALSE,TRUE,FALSE,TRUE,,,
103eff5b,test,"(2, 1)",TRUE,TRUE,FALSE,FALSE,,,
11e1fe23,test,"(2, 1)",FALSE,TRUE,FALSE,FALSE,,,
12422b43,test,"(5, 1)",FALSE,TRUE,FALSE,FALSE,,,
12997ef3,test,"(4, 2)",FALSE,FALSE,FALSE,FALSE,,,
12eac192,test,"(4, 1)",TRUE,TRUE,FALSE,FALSE,,,
136b0064,test,"(3, 1)",FALSE,FALSE,FALSE,FALSE,,,
13713586,test,"(3, 1)",FALSE,TRUE,FALSE,TRUE,,,
137f0df0,test,"(3, 1)",FALSE,TRUE,FALSE,FALSE,,,
140c817e,test,"(3, 1)",TRUE,TRUE,FALSE,FALSE,,,
14754a24,test,"(4, 1)",TRUE,TRUE,FALSE,FALSE,,,
15113be4,test,"(3, 1)",TRUE,TRUE,FALSE,TRUE,,,
15663ba9,test,"(3, 1)",TRUE,TRUE,FALSE,FALSE,,,
15696249,test,"(4, 1)",FALSE,FALSE,FALSE,FALSE,,,
16b78196,test,"(2, 1)",FALSE,TRUE,FALSE,TRUE,,,
17b80ad2,test,"(4, 1)",FALSE,TRUE,FALSE,TRUE,,,
17cae0c1,test,"(4, 1)",FALSE,TRUE,FALSE,FALSE,,,
18419cfa,test,"(3, 1)",FALSE,TRUE,FALSE,TRUE,,,
184a9768,test,"(3, 1)",FALSE,TRUE,FALSE,FALSE,,,
195ba7dc,test,"(4, 1)",FALSE,FALSE,FALSE,FALSE,,,
1990f7a8,test,"(3, 1)",FALSE,FALSE,FALSE,TRUE,,,
19bb5feb,test,"(3, 1)",FALSE,FALSE,FALSE,FALSE,,,
1a2e2828,test,"(5, 1)",FALSE,FALSE,FALSE,FALSE,,,
1a6449f1,test,"(3, 1)",FALSE,FALSE,FALSE,FALSE,,,
1acc24af,test,"(4, 1)",TRUE,TRUE,FALSE,FALSE,,,
1c02dbbe,test,"(3, 1)",FALSE,TRUE,FALSE,TRUE,,,
1c0d0a4b,test,"(3, 1)",FALSE,TRUE,FALSE,FALSE,,,
1c56ad9f,test,"(4, 1)",FALSE,TRUE,FALSE,TRUE,,,
1d0a4b61,test,"(3, 1)",FALSE,TRUE,FALSE,FALSE,,,
1d398264,test,"(3, 2)",FALSE,TRUE,FALSE,TRUE,,,
1da012fc,test,"(2, 1)",TRUE,TRUE,FALSE,FALSE,,,
1e81d6f9,test,"(3, 1)",FALSE,TRUE,FALSE,TRUE,,,
1e97544e,test,"(3, 1)",FALSE,TRUE,FALSE,FALSE,,,
2037f2c7,test,"(3, 1)",FALSE,FALSE,FALSE,FALSE,,,
2072aba6,test,"(3, 1)",FALSE,FALSE,FALSE,FALSE,,,
2.08E+20,test,"(3, 1)",FALSE,FALSE,FALSE,FALSE,,,
20981f0e,test,"(3, 1)",FALSE,TRUE,FALSE,TRUE,,,
212895b5,test,"(3, 1)",FALSE,TRUE,FALSE,FALSE,,,
21f83797,test,"(2, 1)",FALSE,TRUE,FALSE,FALSE,,,
22a4bbc2,test,"(4, 1)",TRUE,TRUE,FALSE,FALSE,,,
25094a63,test,"(2, 1)",TRUE,TRUE,FALSE,FALSE,,,
2546ccf6,test,"(2, 1)",FALSE,TRUE,FALSE,TRUE,,,
256b0a75,test,"(3, 1)",FALSE,TRUE,FALSE,TRUE,,,
2685904e,test,"(6, 1)",FALSE,TRUE,FALSE,TRUE,,,
2697da3f,test,"(4, 1)",FALSE,FALSE,FALSE,TRUE,,,
2753e76c,test,"(3, 1)",FALSE,FALSE,FALSE,TRUE,,,
27a77e38,test,"(3, 1)",FALSE,TRUE,FALSE,TRUE,,,
27f8ce4f,test,"(4, 1)",FALSE,FALSE,FALSE,FALSE,,,
281123b4,test,"(6, 1)",FALSE,FALSE,FALSE,FALSE,,,
292dd178,test,"(3, 1)",TRUE,TRUE,FALSE,FALSE,,,
29700607,test,"(3, 1)",FALSE,TRUE,FALSE,TRUE,,,
2a5f8217,test,"(3, 1)",TRUE,TRUE,FALSE,FALSE,,,
2b01abd0,test,"(3, 1)",FALSE,TRUE,FALSE,TRUE,,,
2c0b0aff,test,"(4, 1)",FALSE,FALSE,FALSE,FALSE,,,
2c737e39,test,"(3, 1)",FALSE,TRUE,FALSE,TRUE,,,
2f0c5170,test,"(3, 1)",FALSE,FALSE,FALSE,FALSE,,,
310f3251,test,"(4, 1)",FALSE,FALSE,FALSE,FALSE,,,
3194b014,test,"(3, 1)",FALSE,FALSE,FALSE,FALSE,,,
319f2597,test,"(3, 1)",FALSE,TRUE,FALSE,TRUE,,,
31adaf00,test,"(3, 1)",FALSE,TRUE,FALSE,FALSE,,,
31d5ba1a,test,"(5, 2)",FALSE,FALSE,FALSE,FALSE,,,
32e9702f,test,"(3, 1)",FALSE,TRUE,FALSE,FALSE,,,
332efdb3,test,"(3, 1)",FALSE,TRUE,FALSE,FALSE,,,
3391f8c0,test,"(4, 1)",FALSE,TRUE,FALSE,TRUE,,,
33b52de3,test,"(2, 1)",TRUE,TRUE,FALSE,FALSE,,,
3490cc26,test,"(4, 1)",FALSE,TRUE,FALSE,FALSE,,,
34b99a2b,test,"(4, 1)",FALSE,FALSE,FALSE,FALSE,,,
351d6448,test,"(2, 1)",FALSE,FALSE,FALSE,FALSE,,,
358ba94e,test,"(4, 1)",FALSE,FALSE,FALSE,TRUE,,,
37d3e8b2,test,"(3, 1)",TRUE,TRUE,FALSE,FALSE,,,
3979b1a8,test,"(2, 1)",FALSE,FALSE,FALSE,TRUE,,,
3a301edc,test,"(5, 1)",FALSE,TRUE,FALSE,TRUE,,,
3b4c2228,test,"(5, 2)",FALSE,FALSE,FALSE,FALSE,,,
3d31c5b3,test,"(6, 1)",FALSE,FALSE,FALSE,FALSE,,,
3ed85e70,test,"(3, 1)",FALSE,TRUE,FALSE,TRUE,,,
3ee1011a,test,"(3, 1)",FALSE,FALSE,FALSE,FALSE,,,
3f23242b,test,"(2, 1)",FALSE,TRUE,FALSE,FALSE,,,
40f6cd08,test,"(3, 1)",TRUE,TRUE,FALSE,TRUE,,,
414297c0,test,"(3, 1)",FALSE,FALSE,FALSE,FALSE,,,
423a55dc,test,"(5, 1)",FALSE,TRUE,FALSE,TRUE,,,
